CITIZEN_ID,Income
34886,0.0
34887,1.0
34888,0.0
34889,0.0
34890,0.0
34891,0.0
34892,0.0
34893,0.0
34894,0.0
34895,1.0
34896,0.0
34897,0.0
34898,0.0
34899,0.0
34900,0.0
34901,0.0
34902,0.0
34903,0.0
34904,0.0
34905,0.0
34906,0.0
34907,0.0
34908,0.0
34909,0.0
34910,0.0
34911,0.0
34912,0.0
34913,0.0
34914,0.0
34915,0.0
34916,1.0
34917,0.0
34918,0.0
34919,0.0
34920,0.0
34921,0.0
34922,0.0
34923,0.0
34924,0.0
34925,0.0
34926,0.0
34927,0.0
34928,0.0
34929,0.0
34930,0.0
34931,0.0
34932,0.0
34933,0.0
34934,0.0
34935,1.0
34936,0.0
34937,0.0
34938,0.0
34939,1.0
34940,1.0
34941,0.0
34942,0.0
34943,0.0
34944,0.0
34945,0.0
34946,0.0
34947,0.0
34948,0.0
34949,0.0
34950,0.0
34951,0.0
34952,0.0
34953,0.0
34954,1.0
34955,0.0
34956,0.0
34957,0.0
34958,0.0
34959,0.0
34960,0.0
34961,0.0
34962,1.0
34963,0.0
34964,0.0
34965,0.0
34966,0.0
34967,0.0
34968,0.0
34969,0.0
34970,0.0
34971,0.0
34972,0.0
34973,0.0
34974,0.0
34975,0.0
34976,1.0
34977,0.0
34978,0.0
34979,0.0
34980,0.0
34981,0.0
34982,0.0
34983,0.0
34984,0.0
34985,0.0
34986,0.0
34987,1.0
34988,0.0
34989,0.0
34990,0.0
34991,0.0
34992,0.0
34993,0.0
34994,0.0
34995,1.0
34996,0.0
34997,1.0
34998,0.0
34999,0.0
35000,1.0
35001,0.0
35002,0.0
35003,0.0
35004,0.0
35005,0.0
35006,0.0
35007,1.0
35008,0.0
35009,0.0
35010,0.0
35011,0.0
35012,1.0
35013,0.0
35014,0.0
35015,0.0
35016,0.0
35017,0.0
35018,0.0
35019,0.0
35020,0.0
35021,1.0
35022,1.0
35023,0.0
35024,1.0
35025,0.0
35026,1.0
35027,0.0
35028,0.0
35029,0.0
35030,0.0
35031,0.0
35032,0.0
35033,0.0
35034,0.0
35035,1.0
35036,0.0
35037,0.0
35038,0.0
35039,0.0
35040,0.0
35041,0.0
35042,0.0
35043,0.0
35044,0.0
35045,0.0
35046,0.0
35047,0.0
35048,0.0
35049,0.0
35050,0.0
35051,0.0
35052,0.0
35053,0.0
35054,0.0
35055,0.0
35056,0.0
35057,0.0
35058,0.0
35059,1.0
35060,1.0
35061,0.0
35062,0.0
35063,1.0
35064,0.0
35065,0.0
35066,0.0
35067,0.0
35068,0.0
35069,0.0
35070,0.0
35071,0.0
35072,0.0
35073,0.0
35074,1.0
35075,1.0
35076,1.0
35077,0.0
35078,0.0
35079,0.0
35080,0.0
35081,0.0
35082,1.0
35083,0.0
35084,0.0
35085,0.0
35086,0.0
35087,0.0
35088,0.0
35089,0.0
35090,1.0
35091,1.0
35092,0.0
35093,0.0
35094,0.0
35095,1.0
35096,0.0
35097,0.0
35098,1.0
35099,0.0
35100,1.0
35101,0.0
35102,0.0
35103,0.0
35104,0.0
35105,1.0
35106,1.0
35107,1.0
35108,0.0
35109,0.0
35110,1.0
35111,0.0
35112,0.0
35113,1.0
35114,0.0
35115,1.0
35116,1.0
35117,0.0
35118,1.0
35119,0.0
35120,0.0
35121,0.0
35122,0.0
35123,0.0
35124,0.0
35125,1.0
35126,0.0
35127,1.0
35128,0.0
35129,0.0
35130,0.0
35131,0.0
35132,0.0
35133,0.0
35134,0.0
35135,0.0
35136,1.0
35137,1.0
35138,0.0
35139,1.0
35140,1.0
35141,0.0
35142,0.0
35143,0.0
35144,0.0
35145,0.0
35146,0.0
35147,0.0
35148,0.0
35149,0.0
35150,0.0
35151,0.0
35152,0.0
35153,1.0
35154,0.0
35155,1.0
35156,0.0
35157,0.0
35158,0.0
35159,0.0
35160,0.0
35161,1.0
35162,0.0
35163,0.0
35164,0.0
35165,0.0
35166,0.0
35167,1.0
35168,0.0
35169,0.0
35170,0.0
35171,0.0
35172,0.0
35173,0.0
35174,1.0
35175,0.0
35176,1.0
35177,0.0
35178,0.0
35179,0.0
35180,0.0
35181,0.0
35182,0.0
35183,1.0
35184,0.0
35185,0.0
35186,0.0
35187,0.0
35188,0.0
35189,0.0
35190,0.0
35191,0.0
35192,0.0
35193,0.0
35194,0.0
35195,0.0
35196,0.0
35197,0.0
35198,0.0
35199,0.0
35200,0.0
35201,0.0
35202,0.0
35203,0.0
35204,0.0
35205,0.0
35206,0.0
35207,1.0
35208,0.0
35209,0.0
35210,0.0
35211,0.0
35212,1.0
35213,0.0
35214,1.0
35215,0.0
35216,0.0
35217,0.0
35218,0.0
35219,0.0
35220,0.0
35221,0.0
35222,0.0
35223,0.0
35224,0.0
35225,0.0
35226,0.0
35227,0.0
35228,0.0
35229,0.0
35230,0.0
35231,0.0
35232,0.0
35233,0.0
35234,0.0
35235,0.0
35236,0.0
35237,0.0
35238,1.0
35239,0.0
35240,0.0
35241,0.0
35242,1.0
35243,0.0
35244,0.0
35245,0.0
35246,1.0
35247,0.0
35248,0.0
35249,0.0
35250,0.0
35251,1.0
35252,0.0
35253,1.0
35254,0.0
35255,0.0
35256,0.0
35257,0.0
35258,0.0
35259,0.0
35260,1.0
35261,0.0
35262,0.0
35263,0.0
35264,0.0
35265,0.0
35266,0.0
35267,0.0
35268,1.0
35269,0.0
35270,0.0
35271,0.0
35272,0.0
35273,0.0
35274,1.0
35275,0.0
35276,1.0
35277,0.0
35278,0.0
35279,0.0
35280,0.0
35281,0.0
35282,0.0
35283,0.0
35284,0.0
35285,0.0
35286,1.0
35287,0.0
35288,1.0
35289,0.0
35290,0.0
35291,0.0
35292,0.0
35293,0.0
35294,0.0
35295,0.0
35296,1.0
35297,1.0
35298,0.0
35299,0.0
35300,0.0
35301,0.0
35302,0.0
35303,0.0
35304,0.0
35305,1.0
35306,0.0
35307,0.0
35308,0.0
35309,0.0
35310,0.0
35311,0.0
35312,0.0
35313,0.0
35314,0.0
35315,0.0
35316,0.0
35317,1.0
35318,0.0
35319,1.0
35320,1.0
35321,0.0
35322,0.0
35323,0.0
35324,0.0
35325,0.0
35326,0.0
35327,0.0
35328,1.0
35329,1.0
35330,1.0
35331,0.0
35332,0.0
35333,0.0
35334,1.0
35335,0.0
35336,1.0
35337,0.0
35338,0.0
35339,0.0
35340,0.0
35341,0.0
35342,0.0
35343,0.0
35344,0.0
35345,0.0
35346,0.0
35347,0.0
35348,0.0
35349,0.0
35350,0.0
35351,0.0
35352,0.0
35353,1.0
35354,0.0
35355,0.0
35356,0.0
35357,0.0
35358,0.0
35359,0.0
35360,1.0
35361,0.0
35362,0.0
35363,0.0
35364,0.0
35365,0.0
35366,0.0
35367,0.0
35368,0.0
35369,0.0
35370,0.0
35371,0.0
35372,0.0
35373,0.0
35374,1.0
35375,0.0
35376,0.0
35377,0.0
35378,0.0
35379,0.0
35380,0.0
35381,0.0
35382,0.0
35383,0.0
35384,0.0
35385,1.0
35386,1.0
35387,0.0
35388,1.0
35389,0.0
35390,0.0
35391,0.0
35392,0.0
35393,0.0
35394,0.0
35395,0.0
35396,1.0
35397,0.0
35398,0.0
35399,1.0
35400,0.0
35401,0.0
35402,0.0
35403,0.0
35404,0.0
35405,0.0
35406,0.0
35407,0.0
35408,0.0
35409,0.0
35410,0.0
35411,0.0
35412,0.0
35413,1.0
35414,0.0
35415,0.0
35416,0.0
35417,0.0
35418,0.0
35419,0.0
35420,0.0
35421,0.0
35422,0.0
35423,0.0
35424,0.0
35425,0.0
35426,0.0
35427,0.0
35428,0.0
35429,0.0
35430,0.0
35431,0.0
35432,0.0
35433,0.0
35434,0.0
35435,0.0
35436,0.0
35437,0.0
35438,0.0
35439,1.0
35440,0.0
35441,1.0
35442,0.0
35443,0.0
35444,0.0
35445,0.0
35446,0.0
35447,0.0
35448,0.0
35449,1.0
35450,0.0
35451,0.0
35452,0.0
35453,0.0
35454,0.0
35455,0.0
35456,0.0
35457,0.0
35458,0.0
35459,0.0
35460,0.0
35461,0.0
35462,0.0
35463,0.0
35464,0.0
35465,0.0
35466,0.0
35467,0.0
35468,0.0
35469,0.0
35470,0.0
35471,0.0
35472,1.0
35473,0.0
35474,0.0
35475,0.0
35476,0.0
35477,0.0
35478,1.0
35479,0.0
35480,0.0
35481,0.0
35482,0.0
35483,1.0
35484,0.0
35485,1.0
35486,0.0
35487,0.0
35488,0.0
35489,0.0
35490,0.0
35491,1.0
35492,0.0
35493,0.0
35494,0.0
35495,0.0
35496,0.0
35497,0.0
35498,0.0
35499,1.0
35500,0.0
35501,1.0
35502,0.0
35503,0.0
35504,0.0
35505,1.0
35506,0.0
35507,0.0
35508,0.0
35509,0.0
35510,0.0
35511,0.0
35512,0.0
35513,0.0
35514,0.0
35515,1.0
35516,0.0
35517,0.0
35518,0.0
35519,0.0
35520,1.0
35521,0.0
35522,0.0
35523,1.0
35524,0.0
35525,0.0
35526,0.0
35527,0.0
35528,0.0
35529,0.0
35530,0.0
35531,0.0
35532,0.0
35533,0.0
35534,0.0
35535,0.0
35536,0.0
35537,0.0
35538,0.0
35539,1.0
35540,0.0
35541,0.0
35542,0.0
35543,0.0
35544,0.0
35545,0.0
35546,0.0
35547,0.0
35548,0.0
35549,0.0
35550,0.0
35551,0.0
35552,0.0
35553,0.0
35554,0.0
35555,0.0
35556,0.0
35557,0.0
35558,1.0
35559,0.0
35560,0.0
35561,0.0
35562,1.0
35563,1.0
35564,1.0
35565,0.0
35566,1.0
35567,0.0
35568,0.0
35569,0.0
35570,1.0
35571,0.0
35572,0.0
35573,0.0
35574,1.0
35575,1.0
35576,0.0
35577,0.0
35578,0.0
35579,0.0
35580,0.0
35581,0.0
35582,0.0
35583,0.0
35584,0.0
35585,1.0
35586,0.0
35587,0.0
35588,0.0
35589,0.0
35590,0.0
35591,0.0
35592,0.0
35593,0.0
35594,0.0
35595,0.0
35596,0.0
35597,0.0
35598,0.0
35599,1.0
35600,1.0
35601,1.0
35602,0.0
35603,0.0
35604,0.0
35605,0.0
35606,0.0
35607,0.0
35608,0.0
35609,1.0
35610,0.0
35611,0.0
35612,0.0
35613,0.0
35614,0.0
35615,0.0
35616,1.0
35617,1.0
35618,0.0
35619,0.0
35620,0.0
35621,0.0
35622,0.0
35623,1.0
35624,0.0
35625,0.0
35626,0.0
35627,0.0
35628,0.0
35629,0.0
35630,0.0
35631,1.0
35632,0.0
35633,0.0
35634,0.0
35635,0.0
35636,0.0
35637,0.0
35638,0.0
35639,0.0
35640,0.0
35641,0.0
35642,0.0
35643,0.0
35644,0.0
35645,0.0
35646,1.0
35647,0.0
35648,0.0
35649,0.0
35650,0.0
35651,0.0
35652,0.0
35653,0.0
35654,0.0
35655,0.0
35656,0.0
35657,0.0
35658,0.0
35659,0.0
35660,0.0
35661,0.0
35662,0.0
35663,0.0
35664,0.0
35665,0.0
35666,0.0
35667,0.0
35668,0.0
35669,0.0
35670,0.0
35671,0.0
35672,0.0
35673,1.0
35674,0.0
35675,1.0
35676,0.0
35677,0.0
35678,0.0
35679,0.0
35680,0.0
35681,0.0
35682,0.0
35683,0.0
35684,0.0
35685,0.0
35686,0.0
35687,0.0
35688,0.0
35689,0.0
35690,0.0
35691,1.0
35692,0.0
35693,0.0
35694,1.0
35695,0.0
35696,0.0
35697,0.0
35698,0.0
35699,0.0
35700,0.0
35701,0.0
35702,0.0
35703,0.0
35704,1.0
35705,0.0
35706,1.0
35707,1.0
35708,0.0
35709,1.0
35710,0.0
35711,0.0
35712,0.0
35713,0.0
35714,0.0
35715,0.0
35716,1.0
35717,0.0
35718,0.0
35719,1.0
35720,0.0
35721,0.0
35722,1.0
35723,0.0
35724,0.0
35725,0.0
35726,0.0
35727,0.0
35728,0.0
35729,0.0
35730,0.0
35731,1.0
35732,0.0
35733,1.0
35734,0.0
35735,0.0
35736,0.0
35737,0.0
35738,0.0
35739,0.0
35740,0.0
35741,0.0
35742,0.0
35743,0.0
35744,1.0
35745,0.0
35746,0.0
35747,1.0
35748,1.0
35749,1.0
35750,0.0
35751,0.0
35752,1.0
35753,0.0
35754,0.0
35755,0.0
35756,0.0
35757,0.0
35758,0.0
35759,0.0
35760,0.0
35761,0.0
35762,1.0
35763,0.0
35764,0.0
35765,0.0
35766,0.0
35767,0.0
35768,1.0
35769,0.0
35770,0.0
35771,0.0
35772,0.0
35773,0.0
35774,0.0
35775,0.0
35776,0.0
35777,0.0
35778,0.0
35779,0.0
35780,0.0
35781,0.0
35782,0.0
35783,0.0
35784,0.0
35785,0.0
35786,0.0
35787,0.0
35788,0.0
35789,0.0
35790,0.0
35791,0.0
35792,0.0
35793,0.0
35794,1.0
35795,0.0
35796,1.0
35797,1.0
35798,0.0
35799,0.0
35800,0.0
35801,0.0
35802,0.0
35803,0.0
35804,0.0
35805,0.0
35806,0.0
35807,0.0
35808,0.0
35809,0.0
35810,0.0
35811,1.0
35812,0.0
35813,0.0
35814,0.0
35815,0.0
35816,0.0
35817,1.0
35818,0.0
35819,1.0
35820,0.0
35821,0.0
35822,0.0
35823,0.0
35824,0.0
35825,0.0
35826,0.0
35827,0.0
35828,0.0
35829,0.0
35830,0.0
35831,1.0
35832,0.0
35833,0.0
35834,0.0
35835,0.0
35836,0.0
35837,0.0
35838,1.0
35839,0.0
35840,0.0
35841,0.0
35842,0.0
35843,0.0
35844,0.0
35845,0.0
35846,0.0
35847,0.0
35848,0.0
35849,0.0
35850,0.0
35851,0.0
35852,1.0
35853,0.0
35854,0.0
35855,0.0
35856,1.0
35857,1.0
35858,1.0
35859,0.0
35860,0.0
35861,0.0
35862,1.0
35863,1.0
35864,0.0
35865,0.0
35866,0.0
35867,0.0
35868,0.0
35869,1.0
35870,1.0
35871,0.0
35872,0.0
35873,0.0
35874,1.0
35875,0.0
35876,0.0
35877,0.0
35878,0.0
35879,0.0
35880,1.0
35881,0.0
35882,1.0
35883,0.0
35884,0.0
35885,0.0
35886,1.0
35887,0.0
35888,0.0
35889,0.0
35890,0.0
35891,0.0
35892,1.0
35893,0.0
35894,0.0
35895,0.0
35896,0.0
35897,0.0
35898,0.0
35899,0.0
35900,0.0
35901,0.0
35902,0.0
35903,0.0
35904,0.0
35905,0.0
35906,0.0
35907,0.0
35908,1.0
35909,1.0
35910,0.0
35911,0.0
35912,0.0
35913,1.0
35914,0.0
35915,0.0
35916,0.0
35917,0.0
35918,0.0
35919,0.0
35920,0.0
35921,0.0
35922,0.0
35923,0.0
35924,1.0
35925,0.0
35926,0.0
35927,0.0
35928,1.0
35929,0.0
35930,0.0
35931,0.0
35932,0.0
35933,0.0
35934,0.0
35935,0.0
35936,0.0
35937,0.0
35938,0.0
35939,0.0
35940,0.0
35941,1.0
35942,0.0
35943,1.0
35944,0.0
35945,0.0
35946,1.0
35947,0.0
35948,0.0
35949,0.0
35950,1.0
35951,0.0
35952,0.0
35953,0.0
35954,0.0
35955,0.0
35956,0.0
35957,0.0
35958,0.0
35959,0.0
35960,0.0
35961,0.0
35962,0.0
35963,0.0
35964,0.0
35965,0.0
35966,0.0
35967,0.0
35968,0.0
35969,0.0
35970,0.0
35971,1.0
35972,0.0
35973,0.0
35974,0.0
35975,0.0
35976,0.0
35977,0.0
35978,0.0
35979,0.0
35980,0.0
35981,0.0
35982,0.0
35983,0.0
35984,1.0
35985,0.0
35986,0.0
35987,0.0
35988,0.0
35989,0.0
35990,0.0
35991,0.0
35992,0.0
35993,0.0
35994,0.0
35995,0.0
35996,1.0
35997,0.0
35998,0.0
35999,0.0
36000,0.0
36001,0.0
36002,1.0
36003,0.0
36004,0.0
36005,0.0
36006,0.0
36007,0.0
36008,0.0
36009,0.0
36010,0.0
36011,0.0
36012,0.0
36013,0.0
36014,0.0
36015,0.0
36016,0.0
36017,0.0
36018,0.0
36019,0.0
36020,1.0
36021,0.0
36022,0.0
36023,0.0
36024,0.0
36025,0.0
36026,0.0
36027,0.0
36028,0.0
36029,0.0
36030,1.0
36031,1.0
36032,1.0
36033,0.0
36034,0.0
36035,0.0
36036,1.0
36037,0.0
36038,0.0
36039,0.0
36040,0.0
36041,0.0
36042,1.0
36043,0.0
36044,0.0
36045,0.0
36046,1.0
36047,1.0
36048,0.0
36049,0.0
36050,0.0
36051,0.0
36052,0.0
36053,1.0
36054,0.0
36055,0.0
36056,0.0
36057,0.0
36058,0.0
36059,0.0
36060,0.0
36061,0.0
36062,0.0
36063,0.0
36064,0.0
36065,0.0
36066,0.0
36067,0.0
36068,0.0
36069,0.0
36070,0.0
36071,0.0
36072,0.0
36073,0.0
36074,0.0
36075,0.0
36076,0.0
36077,0.0
36078,0.0
36079,1.0
36080,0.0
36081,0.0
36082,0.0
36083,0.0
36084,0.0
36085,0.0
36086,0.0
36087,1.0
36088,1.0
36089,0.0
36090,0.0
36091,0.0
36092,0.0
36093,0.0
36094,1.0
36095,0.0
36096,0.0
36097,0.0
36098,0.0
36099,0.0
36100,0.0
36101,0.0
36102,0.0
36103,0.0
36104,0.0
36105,0.0
36106,1.0
36107,1.0
36108,0.0
36109,0.0
36110,0.0
36111,0.0
36112,0.0
36113,0.0
36114,0.0
36115,0.0
36116,0.0
36117,0.0
36118,0.0
36119,0.0
36120,0.0
36121,0.0
36122,0.0
36123,0.0
36124,0.0
36125,0.0
36126,0.0
36127,0.0
36128,0.0
36129,0.0
36130,0.0
36131,0.0
36132,1.0
36133,0.0
36134,0.0
36135,1.0
36136,0.0
36137,0.0
36138,0.0
36139,1.0
36140,1.0
36141,0.0
36142,0.0
36143,0.0
36144,0.0
36145,0.0
36146,0.0
36147,1.0
36148,0.0
36149,0.0
36150,0.0
36151,0.0
36152,1.0
36153,0.0
36154,0.0
36155,0.0
36156,0.0
36157,0.0
36158,0.0
36159,0.0
36160,0.0
36161,1.0
36162,0.0
36163,0.0
36164,1.0
36165,0.0
36166,0.0
36167,1.0
36168,0.0
36169,0.0
36170,0.0
36171,0.0
36172,0.0
36173,1.0
36174,0.0
36175,0.0
36176,0.0
36177,1.0
36178,0.0
36179,0.0
36180,1.0
36181,1.0
36182,0.0
36183,0.0
36184,0.0
36185,0.0
36186,0.0
36187,0.0
36188,0.0
36189,0.0
36190,0.0
36191,0.0
36192,0.0
36193,0.0
36194,0.0
36195,0.0
36196,1.0
36197,0.0
36198,0.0
36199,1.0
36200,0.0
36201,0.0
36202,0.0
36203,0.0
36204,0.0
36205,0.0
36206,1.0
36207,0.0
36208,0.0
36209,0.0
36210,0.0
36211,0.0
36212,0.0
36213,0.0
36214,0.0
36215,0.0
36216,0.0
36217,0.0
36218,0.0
36219,0.0
36220,0.0
36221,0.0
36222,0.0
36223,0.0
36224,1.0
36225,0.0
36226,0.0
36227,0.0
36228,0.0
36229,0.0
36230,1.0
36231,0.0
36232,0.0
36233,1.0
36234,0.0
36235,0.0
36236,1.0
36237,1.0
36238,1.0
36239,0.0
36240,0.0
36241,0.0
36242,1.0
36243,0.0
36244,0.0
36245,0.0
36246,0.0
36247,1.0
36248,0.0
36249,0.0
36250,1.0
36251,0.0
36252,0.0
36253,0.0
36254,0.0
36255,1.0
36256,0.0
36257,1.0
36258,0.0
36259,0.0
36260,0.0
36261,0.0
36262,0.0
36263,0.0
36264,1.0
36265,0.0
36266,0.0
36267,0.0
36268,0.0
36269,0.0
36270,0.0
36271,0.0
36272,0.0
36273,1.0
36274,0.0
36275,0.0
36276,0.0
36277,0.0
36278,0.0
36279,0.0
36280,0.0
36281,0.0
36282,0.0
36283,0.0
36284,0.0
36285,0.0
36286,1.0
36287,1.0
36288,0.0
36289,0.0
36290,0.0
36291,0.0
36292,0.0
36293,0.0
36294,0.0
36295,0.0
36296,0.0
36297,0.0
36298,0.0
36299,0.0
36300,0.0
36301,0.0
36302,0.0
36303,0.0
36304,0.0
36305,0.0
36306,0.0
36307,1.0
36308,1.0
36309,0.0
36310,0.0
36311,0.0
36312,1.0
36313,1.0
36314,0.0
36315,0.0
36316,0.0
36317,0.0
36318,0.0
36319,0.0
36320,0.0
36321,1.0
36322,1.0
36323,0.0
36324,0.0
36325,0.0
36326,1.0
36327,0.0
36328,0.0
36329,0.0
36330,0.0
36331,1.0
36332,0.0
36333,0.0
36334,0.0
36335,0.0
36336,0.0
36337,1.0
36338,1.0
36339,0.0
36340,0.0
36341,0.0
36342,0.0
36343,0.0
36344,0.0
36345,1.0
36346,1.0
36347,0.0
36348,0.0
36349,0.0
36350,0.0
36351,0.0
36352,0.0
36353,0.0
36354,0.0
36355,0.0
36356,1.0
36357,1.0
36358,0.0
36359,0.0
36360,0.0
36361,0.0
36362,0.0
36363,0.0
36364,0.0
36365,0.0
36366,0.0
36367,0.0
36368,0.0
36369,0.0
36370,1.0
36371,0.0
36372,0.0
36373,0.0
36374,0.0
36375,0.0
36376,0.0
36377,0.0
36378,0.0
36379,0.0
36380,0.0
36381,0.0
36382,0.0
36383,0.0
36384,0.0
36385,0.0
36386,0.0
36387,0.0
36388,0.0
36389,0.0
36390,0.0
36391,0.0
36392,0.0
36393,0.0
36394,0.0
36395,0.0
36396,0.0
36397,0.0
36398,0.0
36399,1.0
36400,0.0
36401,0.0
36402,0.0
36403,1.0
36404,0.0
36405,0.0
36406,0.0
36407,0.0
36408,0.0
36409,0.0
36410,0.0
36411,0.0
36412,0.0
36413,0.0
36414,0.0
36415,0.0
36416,0.0
36417,0.0
36418,0.0
36419,1.0
36420,1.0
36421,0.0
36422,0.0
36423,1.0
36424,0.0
36425,0.0
36426,0.0
36427,0.0
36428,1.0
36429,0.0
36430,1.0
36431,0.0
36432,0.0
36433,0.0
36434,0.0
36435,1.0
36436,0.0
36437,0.0
36438,0.0
36439,1.0
36440,1.0
36441,0.0
36442,0.0
36443,0.0
36444,0.0
36445,0.0
36446,1.0
36447,0.0
36448,0.0
36449,0.0
36450,0.0
36451,0.0
36452,0.0
36453,0.0
36454,0.0
36455,0.0
36456,0.0
36457,0.0
36458,0.0
36459,0.0
36460,0.0
36461,0.0
36462,0.0
36463,1.0
36464,1.0
36465,0.0
36466,0.0
36467,0.0
36468,0.0
36469,0.0
36470,1.0
36471,0.0
36472,0.0
36473,0.0
36474,0.0
36475,0.0
36476,0.0
36477,1.0
36478,1.0
36479,0.0
36480,0.0
36481,0.0
36482,0.0
36483,0.0
36484,0.0
36485,1.0
36486,0.0
36487,0.0
36488,0.0
36489,0.0
36490,0.0
36491,0.0
36492,0.0
36493,0.0
36494,0.0
36495,1.0
36496,0.0
36497,0.0
36498,0.0
36499,0.0
36500,1.0
36501,1.0
36502,0.0
36503,0.0
36504,0.0
36505,0.0
36506,1.0
36507,0.0
36508,1.0
36509,0.0
36510,1.0
36511,0.0
36512,0.0
36513,1.0
36514,0.0
36515,0.0
36516,1.0
36517,0.0
36518,0.0
36519,0.0
36520,1.0
36521,0.0
36522,1.0
36523,0.0
36524,0.0
36525,0.0
36526,0.0
36527,0.0
36528,0.0
36529,0.0
36530,0.0
36531,1.0
36532,0.0
36533,0.0
36534,0.0
36535,0.0
36536,0.0
36537,1.0
36538,0.0
36539,0.0
36540,0.0
36541,0.0
36542,0.0
36543,0.0
36544,1.0
36545,0.0
36546,0.0
36547,0.0
36548,0.0
36549,1.0
36550,0.0
36551,0.0
36552,0.0
36553,0.0
36554,0.0
36555,0.0
36556,0.0
36557,0.0
36558,0.0
36559,1.0
36560,0.0
36561,0.0
36562,0.0
36563,0.0
36564,0.0
36565,1.0
36566,1.0
36567,0.0
36568,0.0
36569,0.0
36570,1.0
36571,0.0
36572,0.0
36573,0.0
36574,0.0
36575,0.0
36576,0.0
36577,0.0
36578,1.0
36579,0.0
36580,1.0
36581,0.0
36582,1.0
36583,0.0
36584,0.0
36585,0.0
36586,0.0
36587,0.0
36588,0.0
36589,0.0
36590,0.0
36591,0.0
36592,0.0
36593,0.0
36594,0.0
36595,0.0
36596,0.0
36597,0.0
36598,0.0
36599,0.0
36600,0.0
36601,0.0
36602,0.0
36603,0.0
36604,0.0
36605,0.0
36606,0.0
36607,0.0
36608,0.0
36609,0.0
36610,0.0
36611,0.0
36612,0.0
36613,0.0
36614,1.0
36615,0.0
36616,0.0
36617,0.0
36618,0.0
36619,0.0
36620,0.0
36621,0.0
36622,0.0
36623,0.0
36624,0.0
36625,0.0
36626,0.0
36627,0.0
36628,0.0
36629,0.0
36630,0.0
36631,0.0
36632,0.0
36633,0.0
36634,0.0
36635,0.0
36636,0.0
36637,0.0
36638,0.0
36639,0.0
36640,1.0
36641,0.0
36642,0.0
36643,1.0
36644,1.0
36645,0.0
36646,0.0
36647,1.0
36648,0.0
36649,0.0
36650,0.0
36651,0.0
36652,0.0
36653,0.0
36654,0.0
36655,0.0
36656,0.0
36657,1.0
36658,1.0
36659,0.0
36660,0.0
36661,0.0
36662,0.0
36663,0.0
36664,0.0
36665,0.0
36666,0.0
36667,0.0
36668,1.0
36669,0.0
36670,0.0
36671,1.0
36672,0.0
36673,0.0
36674,0.0
36675,0.0
36676,0.0
36677,0.0
36678,0.0
36679,0.0
36680,0.0
36681,1.0
36682,0.0
36683,0.0
36684,0.0
36685,0.0
36686,0.0
36687,0.0
36688,0.0
36689,0.0
36690,0.0
36691,0.0
36692,0.0
36693,0.0
36694,0.0
36695,0.0
36696,0.0
36697,0.0
36698,0.0
36699,1.0
36700,0.0
36701,0.0
36702,1.0
36703,0.0
36704,0.0
36705,0.0
36706,0.0
36707,0.0
36708,0.0
36709,0.0
36710,0.0
36711,0.0
36712,0.0
36713,0.0
36714,0.0
36715,1.0
36716,0.0
36717,0.0
36718,1.0
36719,0.0
36720,0.0
36721,1.0
36722,0.0
36723,0.0
36724,1.0
36725,1.0
36726,1.0
36727,0.0
36728,1.0
36729,0.0
36730,0.0
36731,1.0
36732,1.0
36733,0.0
36734,0.0
36735,1.0
36736,0.0
36737,1.0
36738,1.0
36739,0.0
36740,1.0
36741,0.0
36742,1.0
36743,0.0
36744,0.0
36745,0.0
36746,1.0
36747,1.0
36748,0.0
36749,1.0
36750,0.0
36751,1.0
36752,1.0
36753,1.0
36754,0.0
36755,0.0
36756,0.0
36757,0.0
36758,0.0
36759,0.0
36760,0.0
36761,0.0
36762,0.0
36763,1.0
36764,0.0
36765,1.0
36766,0.0
36767,0.0
36768,0.0
36769,0.0
36770,0.0
36771,0.0
36772,0.0
36773,1.0
36774,0.0
36775,0.0
36776,1.0
36777,0.0
36778,1.0
36779,0.0
36780,0.0
36781,0.0
36782,0.0
36783,0.0
36784,0.0
36785,0.0
36786,1.0
36787,0.0
36788,0.0
36789,0.0
36790,0.0
36791,0.0
36792,0.0
36793,1.0
36794,0.0
36795,0.0
36796,1.0
36797,0.0
36798,0.0
36799,0.0
36800,1.0
36801,0.0
36802,1.0
36803,0.0
36804,0.0
36805,0.0
36806,0.0
36807,1.0
36808,0.0
36809,0.0
36810,0.0
36811,0.0
36812,0.0
36813,0.0
36814,0.0
36815,0.0
36816,0.0
36817,1.0
36818,0.0
36819,0.0
36820,0.0
36821,1.0
36822,1.0
36823,0.0
36824,0.0
36825,0.0
36826,0.0
36827,0.0
36828,0.0
36829,0.0
36830,0.0
36831,0.0
36832,0.0
36833,1.0
36834,0.0
36835,0.0
36836,0.0
36837,0.0
36838,0.0
36839,0.0
36840,0.0
36841,0.0
36842,1.0
36843,1.0
36844,0.0
36845,0.0
36846,0.0
36847,0.0
36848,1.0
36849,0.0
36850,0.0
36851,1.0
36852,0.0
36853,1.0
36854,0.0
36855,0.0
36856,0.0
36857,0.0
36858,0.0
36859,0.0
36860,0.0
36861,0.0
36862,0.0
36863,0.0
36864,0.0
36865,0.0
36866,0.0
36867,0.0
36868,0.0
36869,0.0
36870,0.0
36871,1.0
36872,0.0
36873,0.0
36874,1.0
36875,1.0
36876,0.0
36877,0.0
36878,0.0
36879,1.0
36880,1.0
36881,0.0
36882,0.0
36883,0.0
36884,0.0
36885,1.0
36886,0.0
36887,0.0
36888,1.0
36889,0.0
36890,1.0
36891,0.0
36892,0.0
36893,0.0
36894,0.0
36895,1.0
36896,0.0
36897,1.0
36898,0.0
36899,0.0
36900,0.0
36901,0.0
36902,0.0
36903,0.0
36904,0.0
36905,0.0
36906,0.0
36907,0.0
36908,0.0
36909,0.0
36910,0.0
36911,0.0
36912,0.0
36913,0.0
36914,1.0
36915,0.0
36916,0.0
36917,0.0
36918,0.0
36919,0.0
36920,0.0
36921,0.0
36922,0.0
36923,0.0
36924,0.0
36925,1.0
36926,0.0
36927,0.0
36928,0.0
36929,0.0
36930,0.0
36931,0.0
36932,1.0
36933,0.0
36934,1.0
36935,0.0
36936,0.0
36937,0.0
36938,1.0
36939,0.0
36940,0.0
36941,0.0
36942,1.0
36943,1.0
36944,0.0
36945,0.0
36946,0.0
36947,0.0
36948,0.0
36949,0.0
36950,1.0
36951,0.0
36952,0.0
36953,0.0
36954,0.0
36955,0.0
36956,1.0
36957,0.0
36958,0.0
36959,0.0
36960,0.0
36961,0.0
36962,0.0
36963,0.0
36964,0.0
36965,0.0
36966,1.0
36967,0.0
36968,1.0
36969,1.0
36970,0.0
36971,0.0
36972,0.0
36973,0.0
36974,0.0
36975,0.0
36976,0.0
36977,0.0
36978,0.0
36979,0.0
36980,0.0
36981,0.0
36982,0.0
36983,0.0
36984,0.0
36985,0.0
36986,0.0
36987,0.0
36988,0.0
36989,0.0
36990,0.0
36991,0.0
36992,0.0
36993,0.0
36994,1.0
36995,0.0
36996,0.0
36997,0.0
36998,1.0
36999,0.0
37000,0.0
37001,0.0
37002,1.0
37003,0.0
37004,0.0
37005,1.0
37006,0.0
37007,0.0
37008,0.0
37009,0.0
37010,1.0
37011,0.0
37012,0.0
37013,0.0
37014,0.0
37015,0.0
37016,0.0
37017,0.0
37018,0.0
37019,1.0
37020,1.0
37021,0.0
37022,0.0
37023,1.0
37024,0.0
37025,0.0
37026,0.0
37027,0.0
37028,0.0
37029,0.0
37030,1.0
37031,0.0
37032,1.0
37033,0.0
37034,0.0
37035,0.0
37036,1.0
37037,0.0
37038,0.0
37039,0.0
37040,0.0
37041,0.0
37042,0.0
37043,0.0
37044,0.0
37045,0.0
37046,0.0
37047,0.0
37048,0.0
37049,0.0
37050,0.0
37051,0.0
37052,0.0
37053,0.0
37054,0.0
37055,1.0
37056,0.0
37057,1.0
37058,0.0
37059,1.0
37060,1.0
37061,0.0
37062,0.0
37063,1.0
37064,1.0
37065,0.0
37066,0.0
37067,0.0
37068,0.0
37069,1.0
37070,0.0
37071,0.0
37072,0.0
37073,0.0
37074,0.0
37075,0.0
37076,1.0
37077,0.0
37078,0.0
37079,0.0
37080,0.0
37081,0.0
37082,0.0
37083,0.0
37084,0.0
37085,0.0
37086,1.0
37087,0.0
37088,1.0
37089,1.0
37090,0.0
37091,0.0
37092,0.0
37093,0.0
37094,0.0
37095,0.0
37096,0.0
37097,0.0
37098,0.0
37099,0.0
37100,0.0
37101,0.0
37102,0.0
37103,0.0
37104,0.0
37105,0.0
37106,0.0
37107,0.0
37108,0.0
37109,1.0
37110,0.0
37111,0.0
37112,0.0
37113,0.0
37114,0.0
37115,0.0
37116,0.0
37117,0.0
37118,1.0
37119,0.0
37120,0.0
37121,0.0
37122,0.0
37123,0.0
37124,0.0
37125,0.0
37126,0.0
37127,0.0
37128,0.0
37129,0.0
37130,0.0
37131,0.0
37132,1.0
37133,1.0
37134,0.0
37135,0.0
37136,0.0
37137,0.0
37138,0.0
37139,0.0
37140,0.0
37141,0.0
37142,0.0
37143,0.0
37144,0.0
37145,0.0
37146,0.0
37147,0.0
37148,0.0
37149,1.0
37150,0.0
37151,1.0
37152,0.0
37153,0.0
37154,0.0
37155,1.0
37156,0.0
37157,0.0
37158,0.0
37159,0.0
37160,0.0
37161,1.0
37162,0.0
37163,1.0
37164,0.0
37165,0.0
37166,0.0
37167,0.0
37168,0.0
37169,1.0
37170,0.0
37171,0.0
37172,0.0
37173,0.0
37174,0.0
37175,0.0
37176,0.0
37177,0.0
37178,0.0
37179,0.0
37180,0.0
37181,0.0
37182,0.0
37183,0.0
37184,1.0
37185,0.0
37186,0.0
37187,0.0
37188,0.0
37189,0.0
37190,0.0
37191,0.0
37192,0.0
37193,0.0
37194,0.0
37195,0.0
37196,0.0
37197,0.0
37198,0.0
37199,0.0
37200,0.0
37201,0.0
37202,1.0
37203,0.0
37204,0.0
37205,0.0
37206,0.0
37207,1.0
37208,0.0
37209,0.0
37210,0.0
37211,0.0
37212,1.0
37213,1.0
37214,0.0
37215,0.0
37216,0.0
37217,0.0
37218,0.0
37219,0.0
37220,0.0
37221,0.0
37222,1.0
37223,0.0
37224,0.0
37225,0.0
37226,0.0
37227,0.0
37228,1.0
37229,1.0
37230,0.0
37231,0.0
37232,0.0
37233,0.0
37234,0.0
37235,0.0
37236,0.0
37237,0.0
37238,1.0
37239,1.0
37240,0.0
37241,0.0
37242,0.0
37243,1.0
37244,1.0
37245,0.0
37246,0.0
37247,1.0
37248,0.0
37249,1.0
37250,0.0
37251,0.0
37252,1.0
37253,0.0
37254,0.0
37255,0.0
37256,0.0
37257,0.0
37258,0.0
37259,0.0
37260,1.0
37261,0.0
37262,0.0
37263,0.0
37264,1.0
37265,1.0
37266,0.0
37267,0.0
37268,0.0
37269,1.0
37270,0.0
37271,0.0
37272,0.0
37273,0.0
37274,0.0
37275,0.0
37276,0.0
37277,0.0
37278,0.0
37279,0.0
37280,0.0
37281,0.0
37282,0.0
37283,0.0
37284,0.0
37285,0.0
37286,0.0
37287,1.0
37288,1.0
37289,1.0
37290,0.0
37291,0.0
37292,0.0
37293,0.0
37294,0.0
37295,0.0
37296,0.0
37297,0.0
37298,0.0
37299,0.0
37300,1.0
37301,0.0
37302,0.0
37303,0.0
37304,0.0
37305,0.0
37306,0.0
37307,0.0
37308,0.0
37309,0.0
37310,0.0
37311,0.0
37312,1.0
37313,1.0
37314,0.0
37315,0.0
37316,1.0
37317,0.0
37318,0.0
37319,0.0
37320,0.0
37321,1.0
37322,0.0
37323,0.0
37324,0.0
37325,0.0
37326,1.0
37327,1.0
37328,0.0
37329,0.0
37330,0.0
37331,0.0
37332,0.0
37333,0.0
37334,1.0
37335,1.0
37336,0.0
37337,1.0
37338,0.0
37339,0.0
37340,0.0
37341,0.0
37342,0.0
37343,0.0
37344,0.0
37345,0.0
37346,1.0
37347,0.0
37348,0.0
37349,0.0
37350,0.0
37351,0.0
37352,0.0
37353,1.0
37354,0.0
37355,0.0
37356,0.0
37357,1.0
37358,1.0
37359,0.0
37360,0.0
37361,0.0
37362,0.0
37363,0.0
37364,0.0
37365,0.0
37366,1.0
37367,0.0
37368,0.0
37369,0.0
37370,0.0
37371,1.0
37372,0.0
37373,0.0
37374,1.0
37375,0.0
37376,0.0
37377,0.0
37378,0.0
37379,0.0
37380,0.0
37381,0.0
37382,0.0
37383,0.0
37384,1.0
37385,1.0
37386,0.0
37387,0.0
37388,0.0
37389,0.0
37390,0.0
37391,0.0
37392,0.0
37393,0.0
37394,0.0
37395,1.0
37396,0.0
37397,1.0
37398,0.0
37399,0.0
37400,0.0
37401,1.0
37402,0.0
37403,0.0
37404,0.0
37405,1.0
37406,1.0
37407,1.0
37408,0.0
37409,0.0
37410,1.0
37411,0.0
37412,1.0
37413,0.0
37414,0.0
37415,0.0
37416,0.0
37417,0.0
37418,0.0
37419,0.0
37420,1.0
37421,0.0
37422,0.0
37423,0.0
37424,0.0
37425,0.0
37426,0.0
37427,0.0
37428,0.0
37429,0.0
37430,1.0
37431,0.0
37432,0.0
37433,1.0
37434,0.0
37435,0.0
37436,0.0
37437,0.0
37438,0.0
37439,0.0
37440,0.0
37441,0.0
37442,0.0
37443,0.0
37444,1.0
37445,0.0
37446,0.0
37447,0.0
37448,0.0
37449,0.0
37450,0.0
37451,0.0
37452,0.0
37453,0.0
37454,0.0
37455,0.0
37456,0.0
37457,0.0
37458,0.0
37459,0.0
37460,1.0
37461,0.0
37462,0.0
37463,0.0
37464,1.0
37465,0.0
37466,0.0
37467,0.0
37468,0.0
37469,0.0
37470,1.0
37471,1.0
37472,0.0
37473,0.0
37474,0.0
37475,0.0
37476,0.0
37477,0.0
37478,0.0
37479,0.0
37480,0.0
37481,0.0
37482,0.0
37483,0.0
37484,0.0
37485,0.0
37486,1.0
37487,0.0
37488,0.0
37489,0.0
37490,0.0
37491,1.0
37492,0.0
37493,0.0
37494,1.0
37495,0.0
37496,0.0
37497,0.0
37498,0.0
37499,0.0
37500,1.0
37501,1.0
37502,0.0
37503,0.0
37504,0.0
37505,0.0
37506,0.0
37507,0.0
37508,0.0
37509,0.0
37510,0.0
37511,1.0
37512,1.0
37513,0.0
37514,0.0
37515,0.0
37516,0.0
37517,0.0
37518,0.0
37519,0.0
37520,0.0
37521,0.0
37522,0.0
37523,0.0
37524,1.0
37525,0.0
37526,0.0
37527,0.0
37528,0.0
37529,1.0
37530,0.0
37531,0.0
37532,0.0
37533,0.0
37534,0.0
37535,0.0
37536,0.0
37537,1.0
37538,0.0
37539,0.0
37540,0.0
37541,0.0
37542,0.0
37543,0.0
37544,1.0
37545,0.0
37546,1.0
37547,0.0
37548,0.0
37549,0.0
37550,1.0
37551,0.0
37552,0.0
37553,0.0
37554,0.0
37555,1.0
37556,0.0
37557,0.0
37558,0.0
37559,0.0
37560,1.0
37561,0.0
37562,0.0
37563,0.0
37564,0.0
37565,0.0
37566,0.0
37567,0.0
37568,1.0
37569,1.0
37570,0.0
37571,0.0
37572,0.0
37573,0.0
37574,0.0
37575,0.0
37576,0.0
37577,0.0
37578,0.0
37579,0.0
37580,0.0
37581,0.0
37582,0.0
37583,0.0
37584,0.0
37585,0.0
37586,0.0
37587,0.0
37588,0.0
37589,1.0
37590,0.0
37591,0.0
37592,1.0
37593,0.0
37594,0.0
37595,0.0
37596,0.0
37597,0.0
37598,0.0
37599,0.0
37600,0.0
37601,0.0
37602,0.0
37603,0.0
37604,0.0
37605,0.0
37606,0.0
37607,0.0
37608,1.0
37609,0.0
37610,1.0
37611,0.0
37612,1.0
37613,0.0
37614,0.0
37615,0.0
37616,0.0
37617,0.0
37618,0.0
37619,0.0
37620,0.0
37621,0.0
37622,0.0
37623,0.0
37624,0.0
37625,0.0
37626,0.0
37627,1.0
37628,0.0
37629,0.0
37630,0.0
37631,0.0
37632,0.0
37633,1.0
37634,0.0
37635,0.0
37636,0.0
37637,0.0
37638,0.0
37639,0.0
37640,0.0
37641,0.0
37642,0.0
37643,0.0
37644,0.0
37645,0.0
37646,1.0
37647,0.0
37648,0.0
37649,0.0
37650,0.0
37651,0.0
37652,0.0
37653,0.0
37654,0.0
37655,0.0
37656,0.0
37657,0.0
37658,0.0
37659,0.0
37660,0.0
37661,0.0
37662,0.0
37663,0.0
37664,0.0
37665,0.0
37666,0.0
37667,0.0
37668,1.0
37669,0.0
37670,0.0
37671,0.0
37672,0.0
37673,0.0
37674,0.0
37675,0.0
37676,0.0
37677,0.0
37678,0.0
37679,0.0
37680,0.0
37681,0.0
37682,1.0
37683,0.0
37684,0.0
37685,0.0
37686,0.0
37687,1.0
37688,0.0
37689,0.0
37690,0.0
37691,0.0
37692,1.0
37693,1.0
37694,1.0
37695,0.0
37696,0.0
37697,0.0
37698,0.0
37699,0.0
37700,0.0
37701,0.0
37702,0.0
37703,0.0
37704,1.0
37705,0.0
37706,0.0
37707,0.0
37708,1.0
37709,0.0
37710,0.0
37711,0.0
37712,1.0
37713,0.0
37714,1.0
37715,0.0
37716,0.0
37717,0.0
37718,1.0
37719,0.0
37720,0.0
37721,0.0
37722,0.0
37723,1.0
37724,0.0
37725,0.0
37726,0.0
37727,0.0
37728,1.0
37729,0.0
37730,0.0
37731,1.0
37732,0.0
37733,0.0
37734,0.0
37735,0.0
37736,0.0
37737,0.0
37738,1.0
37739,0.0
37740,0.0
37741,1.0
37742,0.0
37743,0.0
37744,0.0
37745,0.0
37746,0.0
37747,1.0
37748,0.0
37749,0.0
37750,0.0
37751,0.0
37752,0.0
37753,0.0
37754,0.0
37755,0.0
37756,0.0
37757,0.0
37758,0.0
37759,0.0
37760,0.0
37761,0.0
37762,1.0
37763,0.0
37764,0.0
37765,1.0
37766,0.0
37767,0.0
37768,0.0
37769,0.0
37770,0.0
37771,0.0
37772,0.0
37773,0.0
37774,1.0
37775,0.0
37776,0.0
37777,1.0
37778,0.0
37779,0.0
37780,0.0
37781,1.0
37782,0.0
37783,0.0
37784,0.0
37785,1.0
37786,0.0
37787,0.0
37788,0.0
37789,0.0
37790,0.0
37791,0.0
37792,1.0
37793,0.0
37794,0.0
37795,0.0
37796,1.0
37797,0.0
37798,0.0
37799,1.0
37800,1.0
37801,0.0
37802,0.0
37803,1.0
37804,0.0
37805,0.0
37806,0.0
37807,0.0
37808,1.0
37809,0.0
37810,0.0
37811,0.0
37812,0.0
37813,0.0
37814,0.0
37815,0.0
37816,0.0
37817,0.0
37818,0.0
37819,0.0
37820,0.0
37821,1.0
37822,0.0
37823,0.0
37824,0.0
37825,0.0
37826,0.0
37827,0.0
37828,0.0
37829,1.0
37830,0.0
37831,0.0
37832,0.0
37833,0.0
37834,0.0
37835,0.0
37836,0.0
37837,0.0
37838,0.0
37839,0.0
37840,0.0
37841,1.0
37842,0.0
37843,0.0
37844,0.0
37845,0.0
37846,0.0
37847,0.0
37848,0.0
37849,0.0
37850,0.0
37851,1.0
37852,0.0
37853,0.0
37854,0.0
37855,1.0
37856,0.0
37857,0.0
37858,0.0
37859,0.0
37860,0.0
37861,0.0
37862,0.0
37863,0.0
37864,0.0
37865,0.0
37866,0.0
37867,0.0
37868,0.0
37869,0.0
37870,0.0
37871,0.0
37872,1.0
37873,0.0
37874,1.0
37875,0.0
37876,1.0
37877,0.0
37878,1.0
37879,0.0
37880,1.0
37881,1.0
37882,0.0
37883,1.0
37884,0.0
37885,0.0
37886,1.0
37887,1.0
37888,0.0
37889,0.0
37890,0.0
37891,0.0
37892,0.0
37893,0.0
37894,0.0
37895,1.0
37896,1.0
37897,0.0
37898,0.0
37899,0.0
37900,0.0
37901,0.0
37902,0.0
37903,0.0
37904,0.0
37905,0.0
37906,1.0
37907,0.0
37908,0.0
37909,0.0
37910,0.0
37911,0.0
37912,0.0
37913,0.0
37914,1.0
37915,1.0
37916,0.0
37917,0.0
37918,0.0
37919,0.0
37920,0.0
37921,0.0
37922,0.0
37923,0.0
37924,0.0
37925,0.0
37926,0.0
37927,0.0
37928,1.0
37929,0.0
37930,0.0
37931,0.0
37932,1.0
37933,0.0
37934,0.0
37935,0.0
37936,0.0
37937,0.0
37938,0.0
37939,0.0
37940,0.0
37941,0.0
37942,0.0
37943,0.0
37944,1.0
37945,0.0
37946,1.0
37947,0.0
37948,0.0
37949,0.0
37950,1.0
37951,0.0
37952,1.0
37953,0.0
37954,1.0
37955,0.0
37956,0.0
37957,1.0
37958,0.0
37959,0.0
37960,0.0
37961,0.0
37962,0.0
37963,0.0
37964,0.0
37965,0.0
37966,0.0
37967,0.0
37968,0.0
37969,0.0
37970,0.0
37971,0.0
37972,0.0
37973,0.0
37974,0.0
37975,0.0
37976,0.0
37977,0.0
37978,0.0
37979,0.0
37980,0.0
37981,0.0
37982,0.0
37983,0.0
37984,0.0
37985,0.0
37986,0.0
37987,0.0
37988,0.0
37989,0.0
37990,1.0
37991,0.0
37992,0.0
37993,0.0
37994,1.0
37995,0.0
37996,0.0
37997,0.0
37998,0.0
37999,0.0
38000,0.0
38001,0.0
38002,0.0
38003,0.0
38004,1.0
38005,0.0
38006,1.0
38007,0.0
38008,0.0
38009,1.0
38010,1.0
38011,0.0
38012,0.0
38013,0.0
38014,0.0
38015,1.0
38016,0.0
38017,1.0
38018,0.0
38019,0.0
38020,1.0
38021,0.0
38022,1.0
38023,0.0
38024,0.0
38025,0.0
38026,0.0
38027,0.0
38028,0.0
38029,0.0
38030,0.0
38031,0.0
38032,0.0
38033,0.0
38034,0.0
38035,0.0
38036,0.0
38037,0.0
38038,1.0
38039,1.0
38040,0.0
38041,0.0
38042,1.0
38043,0.0
38044,0.0
38045,0.0
38046,1.0
38047,0.0
38048,0.0
38049,0.0
38050,1.0
38051,0.0
38052,0.0
38053,0.0
38054,0.0
38055,0.0
38056,0.0
38057,1.0
38058,0.0
38059,0.0
38060,0.0
38061,0.0
38062,0.0
38063,0.0
38064,0.0
38065,1.0
38066,0.0
38067,0.0
38068,0.0
38069,0.0
38070,0.0
38071,0.0
38072,1.0
38073,1.0
38074,0.0
38075,1.0
38076,0.0
38077,1.0
38078,0.0
38079,1.0
38080,0.0
38081,0.0
38082,0.0
38083,0.0
38084,0.0
38085,0.0
38086,0.0
38087,0.0
38088,0.0
38089,1.0
38090,0.0
38091,0.0
38092,1.0
38093,0.0
38094,0.0
38095,0.0
38096,1.0
38097,0.0
38098,1.0
38099,0.0
38100,0.0
38101,0.0
38102,0.0
38103,0.0
38104,0.0
38105,1.0
38106,1.0
38107,0.0
38108,0.0
38109,0.0
38110,0.0
38111,0.0
38112,0.0
38113,0.0
38114,0.0
38115,0.0
38116,0.0
38117,0.0
38118,1.0
38119,1.0
38120,0.0
38121,0.0
38122,0.0
38123,0.0
38124,0.0
38125,0.0
38126,0.0
38127,0.0
38128,0.0
38129,0.0
38130,0.0
38131,0.0
38132,0.0
38133,0.0
38134,0.0
38135,0.0
38136,0.0
38137,0.0
38138,1.0
38139,0.0
38140,1.0
38141,0.0
38142,0.0
38143,0.0
38144,0.0
38145,0.0
38146,1.0
38147,0.0
38148,0.0
38149,0.0
38150,0.0
38151,0.0
38152,0.0
38153,0.0
38154,0.0
38155,0.0
38156,0.0
38157,0.0
38158,0.0
38159,0.0
38160,0.0
38161,1.0
38162,0.0
38163,1.0
38164,0.0
38165,1.0
38166,0.0
38167,1.0
38168,0.0
38169,0.0
38170,1.0
38171,0.0
38172,0.0
38173,1.0
38174,0.0
38175,0.0
38176,0.0
38177,0.0
38178,0.0
38179,0.0
38180,0.0
38181,0.0
38182,0.0
38183,0.0
38184,0.0
38185,1.0
38186,0.0
38187,1.0
38188,0.0
38189,0.0
38190,0.0
38191,0.0
38192,0.0
38193,0.0
38194,0.0
38195,0.0
38196,0.0
38197,0.0
38198,0.0
38199,0.0
38200,0.0
38201,0.0
38202,0.0
38203,1.0
38204,0.0
38205,1.0
38206,0.0
38207,0.0
38208,0.0
38209,0.0
38210,0.0
38211,0.0
38212,0.0
38213,0.0
38214,0.0
38215,0.0
38216,1.0
38217,0.0
38218,0.0
38219,0.0
38220,0.0
38221,0.0
38222,0.0
38223,0.0
38224,0.0
38225,0.0
38226,0.0
38227,1.0
38228,0.0
38229,0.0
38230,0.0
38231,1.0
38232,0.0
38233,0.0
38234,0.0
38235,0.0
38236,1.0
38237,0.0
38238,0.0
38239,0.0
38240,1.0
38241,0.0
38242,0.0
38243,0.0
38244,0.0
38245,0.0
38246,0.0
38247,0.0
38248,0.0
38249,0.0
38250,0.0
38251,1.0
38252,0.0
38253,0.0
38254,0.0
38255,0.0
38256,0.0
38257,0.0
38258,0.0
38259,1.0
38260,0.0
38261,0.0
38262,1.0
38263,0.0
38264,0.0
38265,0.0
38266,0.0
38267,1.0
38268,0.0
38269,0.0
38270,0.0
38271,0.0
38272,0.0
38273,0.0
38274,0.0
38275,0.0
38276,0.0
38277,0.0
38278,0.0
38279,0.0
38280,0.0
38281,0.0
38282,1.0
38283,0.0
38284,0.0
38285,0.0
38286,0.0
38287,1.0
38288,0.0
38289,0.0
38290,0.0
38291,0.0
38292,1.0
38293,0.0
38294,0.0
38295,0.0
38296,0.0
38297,0.0
38298,0.0
38299,0.0
38300,1.0
38301,0.0
38302,0.0
38303,1.0
38304,0.0
38305,0.0
38306,0.0
38307,0.0
38308,1.0
38309,0.0
38310,0.0
38311,0.0
38312,0.0
38313,0.0
38314,0.0
38315,0.0
38316,0.0
38317,0.0
38318,0.0
38319,0.0
38320,0.0
38321,0.0
38322,0.0
38323,1.0
38324,1.0
38325,0.0
38326,0.0
38327,0.0
38328,1.0
38329,0.0
38330,0.0
38331,0.0
38332,0.0
38333,0.0
38334,0.0
38335,0.0
38336,0.0
38337,0.0
38338,0.0
38339,1.0
38340,0.0
38341,0.0
38342,0.0
38343,1.0
38344,1.0
38345,0.0
38346,0.0
38347,0.0
38348,0.0
38349,0.0
38350,1.0
38351,1.0
38352,0.0
38353,1.0
38354,1.0
38355,0.0
38356,1.0
38357,0.0
38358,1.0
38359,0.0
38360,0.0
38361,1.0
38362,0.0
38363,0.0
38364,0.0
38365,0.0
38366,1.0
38367,0.0
38368,0.0
38369,0.0
38370,0.0
38371,1.0
38372,0.0
38373,0.0
38374,0.0
38375,0.0
38376,0.0
38377,0.0
38378,0.0
38379,0.0
38380,0.0
38381,0.0
38382,0.0
38383,0.0
38384,0.0
38385,1.0
38386,0.0
38387,0.0
38388,1.0
38389,0.0
38390,0.0
38391,1.0
38392,0.0
38393,0.0
38394,0.0
38395,0.0
38396,0.0
38397,0.0
38398,0.0
38399,0.0
38400,0.0
38401,0.0
38402,0.0
38403,0.0
38404,0.0
38405,0.0
38406,0.0
38407,0.0
38408,1.0
38409,0.0
38410,0.0
38411,0.0
38412,0.0
38413,0.0
38414,1.0
38415,0.0
38416,0.0
38417,0.0
38418,0.0
38419,0.0
38420,0.0
38421,1.0
38422,1.0
38423,0.0
38424,0.0
38425,1.0
38426,0.0
38427,0.0
38428,0.0
38429,0.0
38430,0.0
38431,0.0
38432,0.0
38433,0.0
38434,0.0
38435,0.0
38436,0.0
38437,0.0
38438,0.0
38439,0.0
38440,1.0
38441,1.0
38442,1.0
38443,1.0
38444,0.0
38445,0.0
38446,0.0
38447,0.0
38448,1.0
38449,0.0
38450,0.0
38451,0.0
38452,1.0
38453,0.0
38454,0.0
38455,0.0
38456,0.0
38457,0.0
38458,0.0
38459,0.0
38460,0.0
38461,0.0
38462,0.0
38463,1.0
38464,0.0
38465,0.0
38466,0.0
38467,0.0
38468,0.0
38469,1.0
38470,1.0
38471,0.0
38472,0.0
38473,1.0
38474,0.0
38475,0.0
38476,0.0
38477,1.0
38478,0.0
38479,0.0
38480,1.0
38481,0.0
38482,0.0
38483,0.0
38484,0.0
38485,1.0
38486,0.0
38487,0.0
38488,0.0
38489,0.0
38490,0.0
38491,0.0
38492,0.0
38493,0.0
38494,0.0
38495,0.0
38496,0.0
38497,0.0
38498,1.0
38499,0.0
38500,0.0
38501,0.0
38502,0.0
38503,0.0
38504,0.0
38505,0.0
38506,0.0
38507,0.0
38508,0.0
38509,0.0
38510,0.0
38511,1.0
38512,1.0
38513,0.0
38514,0.0
38515,0.0
38516,0.0
38517,0.0
38518,0.0
38519,0.0
38520,0.0
38521,0.0
38522,0.0
38523,1.0
38524,0.0
38525,0.0
38526,0.0
38527,0.0
38528,0.0
38529,0.0
38530,0.0
38531,1.0
38532,0.0
38533,0.0
38534,0.0
38535,1.0
38536,0.0
38537,1.0
38538,0.0
38539,0.0
38540,0.0
38541,0.0
38542,1.0
38543,0.0
38544,0.0
38545,1.0
38546,0.0
38547,0.0
38548,1.0
38549,0.0
38550,0.0
38551,0.0
38552,0.0
38553,1.0
38554,0.0
38555,0.0
38556,0.0
38557,1.0
38558,0.0
38559,1.0
38560,0.0
38561,0.0
38562,0.0
38563,0.0
38564,0.0
38565,0.0
38566,1.0
38567,0.0
38568,0.0
38569,1.0
38570,0.0
38571,0.0
38572,0.0
38573,0.0
38574,0.0
38575,0.0
38576,0.0
38577,0.0
38578,1.0
38579,1.0
38580,0.0
38581,0.0
38582,0.0
38583,0.0
38584,0.0
38585,0.0
38586,0.0
38587,0.0
38588,0.0
38589,1.0
38590,0.0
38591,0.0
38592,1.0
38593,1.0
38594,0.0
38595,0.0
38596,0.0
38597,0.0
38598,0.0
38599,0.0
38600,0.0
38601,0.0
38602,0.0
38603,1.0
38604,0.0
38605,0.0
38606,0.0
38607,0.0
38608,0.0
38609,0.0
38610,0.0
38611,0.0
38612,0.0
38613,1.0
38614,0.0
38615,0.0
38616,0.0
38617,0.0
38618,1.0
38619,0.0
38620,0.0
38621,1.0
38622,0.0
38623,0.0
38624,0.0
38625,1.0
38626,0.0
38627,0.0
38628,1.0
38629,0.0
38630,0.0
38631,0.0
38632,0.0
38633,0.0
38634,1.0
38635,0.0
38636,0.0
38637,0.0
38638,0.0
38639,0.0
38640,0.0
38641,1.0
38642,1.0
38643,0.0
38644,0.0
38645,0.0
38646,0.0
38647,0.0
38648,0.0
38649,0.0
38650,0.0
38651,0.0
38652,0.0
38653,1.0
38654,0.0
38655,0.0
38656,1.0
38657,0.0
38658,1.0
38659,1.0
38660,0.0
38661,1.0
38662,0.0
38663,0.0
38664,0.0
38665,0.0
38666,0.0
38667,0.0
38668,0.0
38669,1.0
38670,0.0
38671,1.0
38672,0.0
38673,0.0
38674,0.0
38675,1.0
38676,0.0
38677,0.0
38678,0.0
38679,0.0
38680,0.0
38681,1.0
38682,0.0
38683,0.0
38684,0.0
38685,0.0
38686,0.0
38687,0.0
38688,0.0
38689,0.0
38690,0.0
38691,0.0
38692,0.0
38693,1.0
38694,0.0
38695,0.0
38696,0.0
38697,0.0
38698,1.0
38699,0.0
38700,0.0
38701,0.0
38702,0.0
38703,0.0
38704,0.0
38705,1.0
38706,0.0
38707,0.0
38708,0.0
38709,0.0
38710,0.0
38711,0.0
38712,0.0
38713,1.0
38714,1.0
38715,0.0
38716,0.0
38717,0.0
38718,0.0
38719,0.0
38720,0.0
38721,0.0
38722,0.0
38723,0.0
38724,0.0
38725,0.0
38726,0.0
38727,0.0
38728,0.0
38729,0.0
38730,1.0
38731,0.0
38732,1.0
38733,0.0
38734,0.0
38735,0.0
38736,0.0
38737,0.0
38738,0.0
38739,0.0
38740,0.0
38741,0.0
38742,0.0
38743,0.0
38744,1.0
38745,0.0
38746,0.0
38747,0.0
38748,0.0
38749,1.0
38750,0.0
38751,1.0
38752,0.0
38753,1.0
38754,0.0
38755,1.0
38756,1.0
38757,0.0
38758,0.0
38759,0.0
38760,0.0
38761,0.0
38762,0.0
38763,0.0
38764,0.0
38765,1.0
38766,0.0
38767,0.0
38768,0.0
38769,0.0
38770,0.0
38771,1.0
38772,0.0
38773,0.0
38774,0.0
38775,0.0
38776,0.0
38777,0.0
38778,0.0
38779,0.0
38780,0.0
38781,0.0
38782,1.0
38783,1.0
38784,0.0
38785,0.0
38786,0.0
38787,0.0
38788,0.0
38789,1.0
38790,1.0
38791,0.0
38792,1.0
38793,0.0
38794,1.0
38795,0.0
38796,0.0
38797,0.0
38798,0.0
38799,0.0
38800,0.0
38801,0.0
38802,0.0
38803,0.0
38804,0.0
38805,0.0
38806,1.0
38807,0.0
38808,0.0
38809,0.0
38810,0.0
38811,0.0
38812,0.0
38813,1.0
38814,1.0
38815,0.0
38816,1.0
38817,0.0
38818,0.0
38819,0.0
38820,0.0
38821,0.0
38822,0.0
38823,0.0
38824,0.0
38825,0.0
38826,0.0
38827,0.0
38828,0.0
38829,0.0
38830,0.0
38831,1.0
38832,0.0
38833,0.0
38834,0.0
38835,0.0
38836,0.0
38837,0.0
38838,0.0
38839,1.0
38840,0.0
38841,1.0
38842,0.0
38843,0.0
38844,0.0
38845,0.0
38846,1.0
38847,0.0
38848,1.0
38849,1.0
38850,0.0
38851,0.0
38852,0.0
38853,1.0
38854,0.0
38855,0.0
38856,0.0
38857,0.0
38858,0.0
38859,0.0
38860,0.0
38861,0.0
38862,0.0
38863,0.0
38864,0.0
38865,1.0
38866,1.0
38867,0.0
38868,0.0
38869,0.0
38870,0.0
38871,0.0
38872,0.0
38873,0.0
38874,1.0
38875,0.0
38876,0.0
38877,0.0
38878,0.0
38879,0.0
38880,0.0
38881,0.0
38882,1.0
38883,0.0
38884,0.0
38885,0.0
38886,0.0
38887,0.0
38888,0.0
38889,0.0
38890,1.0
38891,0.0
38892,0.0
38893,0.0
38894,1.0
38895,1.0
38896,0.0
38897,1.0
38898,0.0
38899,0.0
38900,0.0
38901,0.0
38902,0.0
38903,0.0
38904,0.0
38905,0.0
38906,0.0
38907,1.0
38908,0.0
38909,1.0
38910,0.0
38911,0.0
38912,0.0
38913,0.0
38914,0.0
38915,1.0
38916,0.0
38917,0.0
38918,0.0
38919,0.0
38920,0.0
38921,0.0
38922,0.0
38923,1.0
38924,0.0
38925,0.0
38926,0.0
38927,1.0
38928,1.0
38929,0.0
38930,0.0
38931,1.0
38932,1.0
38933,0.0
38934,1.0
38935,0.0
38936,0.0
38937,0.0
38938,0.0
38939,1.0
38940,0.0
38941,0.0
38942,0.0
38943,0.0
38944,1.0
38945,1.0
38946,1.0
38947,0.0
38948,0.0
38949,0.0
38950,0.0
38951,0.0
38952,0.0
38953,0.0
38954,1.0
38955,0.0
38956,0.0
38957,0.0
38958,0.0
38959,1.0
38960,0.0
38961,0.0
38962,1.0
38963,0.0
38964,1.0
38965,0.0
38966,0.0
38967,0.0
38968,0.0
38969,1.0
38970,1.0
38971,0.0
38972,0.0
38973,1.0
38974,0.0
38975,0.0
38976,0.0
38977,0.0
38978,1.0
38979,0.0
38980,1.0
38981,0.0
38982,0.0
38983,0.0
38984,0.0
38985,0.0
38986,0.0
38987,0.0
38988,0.0
38989,0.0
38990,0.0
38991,0.0
38992,0.0
38993,0.0
38994,0.0
38995,0.0
38996,0.0
38997,0.0
38998,0.0
38999,0.0
39000,0.0
39001,0.0
39002,0.0
39003,0.0
39004,0.0
39005,0.0
39006,0.0
39007,1.0
39008,0.0
39009,0.0
39010,0.0
39011,1.0
39012,0.0
39013,1.0
39014,1.0
39015,0.0
39016,0.0
39017,0.0
39018,0.0
39019,0.0
39020,0.0
39021,0.0
39022,0.0
39023,0.0
39024,0.0
39025,0.0
39026,0.0
39027,1.0
39028,0.0
39029,0.0
39030,0.0
39031,1.0
39032,0.0
39033,0.0
39034,0.0
39035,1.0
39036,0.0
39037,0.0
39038,0.0
39039,0.0
39040,0.0
39041,0.0
39042,0.0
39043,1.0
39044,0.0
39045,0.0
39046,0.0
39047,0.0
39048,0.0
39049,0.0
39050,0.0
39051,0.0
39052,0.0
39053,0.0
39054,1.0
39055,0.0
39056,0.0
39057,0.0
39058,1.0
39059,0.0
39060,1.0
39061,0.0
39062,0.0
39063,0.0
39064,0.0
39065,0.0
39066,0.0
39067,0.0
39068,0.0
39069,0.0
39070,0.0
39071,0.0
39072,0.0
39073,0.0
39074,0.0
39075,0.0
39076,0.0
39077,0.0
39078,0.0
39079,0.0
39080,0.0
39081,0.0
39082,0.0
39083,0.0
39084,0.0
39085,0.0
39086,1.0
39087,1.0
39088,0.0
39089,0.0
39090,0.0
39091,1.0
39092,0.0
39093,0.0
39094,0.0
39095,0.0
39096,0.0
39097,0.0
39098,0.0
39099,0.0
39100,1.0
39101,0.0
39102,0.0
39103,0.0
39104,0.0
39105,0.0
39106,0.0
39107,0.0
39108,0.0
39109,0.0
39110,0.0
39111,1.0
39112,0.0
39113,0.0
39114,0.0
39115,0.0
39116,1.0
39117,0.0
39118,0.0
39119,1.0
39120,0.0
39121,0.0
39122,0.0
39123,0.0
39124,0.0
39125,0.0
39126,0.0
39127,0.0
39128,0.0
39129,0.0
39130,0.0
39131,0.0
39132,0.0
39133,1.0
39134,0.0
39135,0.0
39136,0.0
39137,0.0
39138,0.0
39139,0.0
39140,0.0
39141,0.0
39142,0.0
39143,0.0
39144,0.0
39145,1.0
39146,0.0
39147,1.0
39148,0.0
39149,1.0
39150,0.0
39151,1.0
39152,0.0
39153,0.0
39154,0.0
39155,1.0
39156,0.0
39157,1.0
39158,0.0
39159,0.0
39160,0.0
39161,0.0
39162,0.0
39163,0.0
39164,0.0
39165,1.0
39166,0.0
39167,0.0
39168,0.0
39169,0.0
39170,0.0
39171,0.0
39172,0.0
39173,0.0
39174,1.0
39175,0.0
39176,0.0
39177,0.0
39178,1.0
39179,0.0
39180,0.0
39181,0.0
39182,0.0
39183,0.0
39184,0.0
39185,0.0
39186,0.0
39187,1.0
39188,0.0
39189,1.0
39190,1.0
39191,0.0
39192,0.0
39193,0.0
39194,1.0
39195,0.0
39196,0.0
39197,0.0
39198,0.0
39199,0.0
39200,0.0
39201,0.0
39202,1.0
39203,0.0
39204,0.0
39205,0.0
39206,0.0
39207,0.0
39208,0.0
39209,0.0
39210,0.0
39211,0.0
39212,0.0
39213,0.0
39214,0.0
39215,0.0
39216,0.0
39217,0.0
39218,0.0
39219,0.0
39220,1.0
39221,0.0
39222,0.0
39223,0.0
39224,0.0
39225,0.0
39226,0.0
39227,1.0
39228,1.0
39229,0.0
39230,1.0
39231,0.0
39232,0.0
39233,0.0
39234,0.0
39235,0.0
39236,0.0
39237,0.0
39238,0.0
39239,0.0
39240,0.0
39241,0.0
39242,0.0
39243,1.0
39244,1.0
39245,0.0
39246,0.0
39247,0.0
39248,0.0
39249,0.0
39250,1.0
39251,0.0
39252,0.0
39253,0.0
39254,0.0
39255,0.0
39256,0.0
39257,0.0
39258,0.0
39259,0.0
39260,0.0
39261,0.0
39262,0.0
39263,1.0
39264,0.0
39265,0.0
39266,0.0
39267,0.0
39268,0.0
39269,0.0
39270,0.0
39271,0.0
39272,0.0
39273,1.0
39274,0.0
39275,0.0
39276,1.0
39277,0.0
39278,0.0
39279,0.0
39280,0.0
39281,1.0
39282,0.0
39283,1.0
39284,1.0
39285,0.0
39286,1.0
39287,0.0
39288,1.0
39289,0.0
39290,0.0
39291,1.0
39292,1.0
39293,0.0
39294,0.0
39295,0.0
39296,0.0
39297,1.0
39298,0.0
39299,0.0
39300,0.0
39301,0.0
39302,0.0
39303,1.0
39304,0.0
39305,0.0
39306,0.0
39307,0.0
39308,0.0
39309,0.0
39310,0.0
39311,0.0
39312,0.0
39313,0.0
39314,0.0
39315,0.0
39316,0.0
39317,0.0
39318,0.0
39319,1.0
39320,0.0
39321,0.0
39322,0.0
39323,1.0
39324,0.0
39325,0.0
39326,0.0
39327,0.0
39328,1.0
39329,0.0
39330,0.0
39331,0.0
39332,0.0
39333,0.0
39334,0.0
39335,1.0
39336,0.0
39337,0.0
39338,0.0
39339,0.0
39340,0.0
39341,0.0
39342,1.0
39343,0.0
39344,0.0
39345,1.0
39346,0.0
39347,0.0
39348,0.0
39349,0.0
39350,1.0
39351,1.0
39352,0.0
39353,0.0
39354,0.0
39355,0.0
39356,1.0
39357,1.0
39358,0.0
39359,0.0
39360,1.0
39361,0.0
39362,0.0
39363,0.0
39364,1.0
39365,0.0
39366,
39367,
39368,
39369,
39370,
39371,
39372,
39373,
39374,
39375,
39376,
39377,
39378,
39379,
39380,
39381,
39382,
39383,
39384,
39385,
39386,
39387,
39388,
39389,
39390,
39391,
39392,
39393,
39394,
39395,
39396,
39397,
39398,
39399,
39400,
39401,
39402,
39403,
39404,
39405,
39406,
39407,
39408,
39409,
39410,
39411,
39412,
39413,
39414,
39415,
39416,
39417,
39418,
39419,
39420,
39421,
39422,
39423,
39424,
39425,
39426,
39427,
39428,
39429,
39430,
39431,
39432,
39433,
39434,
39435,
39436,
39437,
39438,
39439,
39440,
39441,
39442,
39443,
39444,
39445,
39446,
39447,
39448,
39449,
39450,
39451,
39452,
39453,
39454,
39455,
39456,
39457,
39458,
39459,
39460,
39461,
39462,
39463,
39464,
39465,
39466,
39467,
39468,
39469,
39470,
39471,
39472,
39473,
39474,
39475,
39476,
39477,
39478,
39479,
39480,
39481,
39482,
39483,
39484,
39485,
39486,
39487,
39488,
39489,
39490,
39491,
39492,
39493,
39494,
39495,
39496,
39497,
39498,
39499,
39500,
39501,
39502,
39503,
39504,
39505,
39506,
39507,
39508,
39509,
39510,
39511,
39512,
39513,
39514,
39515,
39516,
39517,
39518,
39519,
39520,
39521,
39522,
39523,
39524,
39525,
39526,
39527,
39528,
39529,
39530,
39531,
39532,
39533,
39534,
39535,
39536,
39537,
39538,
39539,
39540,
39541,
39542,
39543,
39544,
39545,
39546,
39547,
39548,
39549,
39550,
39551,
39552,
39553,
39554,
39555,
39556,
39557,
39558,
39559,
39560,
39561,
39562,
39563,
39564,
39565,
39566,
39567,
39568,
39569,
39570,
39571,
39572,
39573,
39574,
39575,
39576,
39577,
39578,
39579,
39580,
39581,
39582,
39583,
39584,
39585,
39586,
39587,
39588,
39589,
39590,
39591,
39592,
39593,
39594,
39595,
39596,
39597,
39598,
39599,
39600,
39601,
39602,
39603,
39604,
39605,
39606,
39607,
39608,
39609,
39610,
39611,
39612,
39613,
39614,
39615,
39616,
39617,
39618,
39619,
39620,
39621,
39622,
39623,
39624,
39625,
39626,
39627,
39628,
39629,
39630,
39631,
39632,
39633,
39634,
39635,
39636,
39637,
39638,
39639,
39640,
39641,
39642,
39643,
39644,
39645,
39646,
39647,
39648,
39649,
39650,
39651,
39652,
39653,
39654,
39655,
39656,
39657,
39658,
39659,
39660,
39661,
39662,
39663,
39664,
39665,
39666,
39667,
39668,
39669,
39670,
39671,
39672,
39673,
39674,
39675,
39676,
39677,
39678,
39679,
39680,
39681,
39682,
39683,
39684,
39685,
39686,
39687,
39688,
39689,
39690,
39691,
39692,
39693,
39694,
39695,
39696,
39697,
39698,
39699,
39700,
39701,
39702,
39703,
39704,
39705,
39706,
39707,
39708,
39709,
39710,
39711,
39712,
39713,
39714,
39715,
39716,
39717,
39718,
39719,
39720,
39721,
39722,
39723,
39724,
39725,
39726,
39727,
39728,
39729,
39730,
39731,
39732,
39733,
39734,
39735,
39736,
39737,
39738,
39739,
39740,
39741,
39742,
39743,
39744,
39745,
39746,
39747,
39748,
39749,
39750,
39751,
39752,
39753,
39754,
39755,
39756,
39757,
39758,
39759,
39760,
39761,
39762,
39763,
39764,
39765,
39766,
39767,
39768,
39769,
39770,
39771,
39772,
39773,
39774,
39775,
39776,
39777,
39778,
39779,
39780,
39781,
39782,
39783,
39784,
39785,
39786,
39787,
39788,
39789,
39790,
39791,
39792,
39793,
39794,
39795,
39796,
39797,
39798,
39799,
39800,
39801,
39802,
39803,
39804,
39805,
39806,
39807,
39808,
39809,
39810,
39811,
39812,
39813,
39814,
39815,
39816,
39817,
39818,
39819,
39820,
39821,
39822,
39823,
39824,
39825,
39826,
39827,
39828,
39829,
39830,
39831,
39832,
39833,
39834,
39835,
39836,
39837,
39838,
39839,
39840,
39841,
39842,
39843,
39844,
39845,
39846,
39847,
39848,
39849,
39850,
39851,
39852,
39853,
39854,
39855,
39856,
39857,
39858,
39859,
39860,
39861,
39862,
39863,
39864,
39865,
39866,
39867,
39868,
39869,
39870,
39871,
39872,
39873,
39874,
39875,
39876,
39877,
39878,
39879,
39880,
39881,
39882,
39883,
39884,
39885,
39886,
39887,
39888,
39889,
39890,
39891,
39892,
39893,
39894,
39895,
39896,
39897,
39898,
39899,
39900,
39901,
39902,
39903,
39904,
39905,
39906,
39907,
39908,
39909,
39910,
39911,
39912,
39913,
39914,
39915,
39916,
39917,
39918,
39919,
39920,
39921,
39922,
39923,
39924,
39925,
39926,
39927,
39928,
39929,
39930,
39931,
39932,
39933,
39934,
39935,
39936,
39937,
39938,
39939,
39940,
39941,
39942,
39943,
39944,
39945,
39946,
39947,
39948,
39949,
39950,
39951,
39952,
39953,
39954,
39955,
39956,
39957,
39958,
39959,
39960,
39961,
39962,
39963,
39964,
39965,
39966,
39967,
39968,
39969,
39970,
39971,
39972,
39973,
39974,
39975,
39976,
39977,
39978,
39979,
39980,
39981,
39982,
39983,
39984,
39985,
39986,
39987,
39988,
39989,
39990,
39991,
39992,
39993,
39994,
39995,
39996,
39997,
39998,
39999,
40000,
40001,
40002,
40003,
40004,
40005,
40006,
40007,
40008,
40009,
40010,
40011,
40012,
40013,
40014,
40015,
40016,
40017,
40018,
40019,
40020,
40021,
40022,
40023,
40024,
40025,
40026,
40027,
40028,
40029,
40030,
40031,
40032,
40033,
40034,
40035,
40036,
40037,
40038,
40039,
40040,
40041,
40042,
40043,
40044,
40045,
40046,
40047,
40048,
40049,
40050,
40051,
40052,
40053,
40054,
40055,
40056,
40057,
40058,
40059,
40060,
40061,
40062,
40063,
40064,
40065,
40066,
40067,
40068,
40069,
40070,
40071,
40072,
40073,
40074,
40075,
40076,
40077,
40078,
40079,
40080,
40081,
40082,
40083,
40084,
40085,
40086,
40087,
40088,
40089,
40090,
40091,
40092,
40093,
40094,
40095,
40096,
40097,
40098,
40099,
40100,
40101,
40102,
40103,
40104,
40105,
40106,
40107,
40108,
40109,
40110,
40111,
40112,
40113,
40114,
40115,
40116,
40117,
40118,
40119,
40120,
40121,
40122,
40123,
40124,
40125,
40126,
40127,
40128,
40129,
40130,
40131,
40132,
40133,
40134,
40135,
40136,
40137,
40138,
40139,
40140,
40141,
40142,
40143,
40144,
40145,
40146,
40147,
40148,
40149,
40150,
40151,
40152,
40153,
40154,
40155,
40156,
40157,
40158,
40159,
40160,
40161,
40162,
40163,
40164,
40165,
40166,
40167,
40168,
40169,
40170,
40171,
40172,
40173,
40174,
40175,
40176,
40177,
40178,
40179,
40180,
40181,
40182,
40183,
40184,
40185,
40186,
40187,
40188,
40189,
40190,
40191,
40192,
40193,
40194,
40195,
40196,
40197,
40198,
40199,
40200,
40201,
40202,
40203,
40204,
40205,
40206,
40207,
40208,
40209,
40210,
40211,
40212,
40213,
40214,
40215,
40216,
40217,
40218,
40219,
40220,
40221,
40222,
40223,
40224,
40225,
40226,
40227,
40228,
40229,
40230,
40231,
40232,
40233,
40234,
40235,
40236,
40237,
40238,
40239,
40240,
40241,
40242,
40243,
40244,
40245,
40246,
40247,
40248,
40249,
40250,
40251,
40252,
40253,
40254,
40255,
40256,
40257,
40258,
40259,
40260,
40261,
40262,
40263,
40264,
40265,
40266,
40267,
40268,
40269,
40270,
40271,
40272,
40273,
40274,
40275,
40276,
40277,
40278,
40279,
40280,
40281,
40282,
40283,
40284,
40285,
40286,
40287,
40288,
40289,
40290,
40291,
40292,
40293,
40294,
40295,
40296,
40297,
40298,
40299,
40300,
40301,
40302,
40303,
40304,
40305,
40306,
40307,
40308,
40309,
40310,
40311,
40312,
40313,
40314,
40315,
40316,
40317,
40318,
40319,
40320,
40321,
40322,
40323,
40324,
40325,
40326,
40327,
40328,
40329,
40330,
40331,
40332,
40333,
40334,
40335,
40336,
40337,
40338,
40339,
40340,
40341,
40342,
40343,
40344,
40345,
40346,
40347,
40348,
40349,
40350,
40351,
40352,
40353,
40354,
40355,
40356,
40357,
40358,
40359,
40360,
40361,
40362,
40363,
40364,
40365,
40366,
40367,
40368,
40369,
40370,
40371,
40372,
40373,
40374,
40375,
40376,
40377,
40378,
40379,
40380,
40381,
40382,
40383,
40384,
40385,
40386,
40387,
40388,
40389,
40390,
40391,
40392,
40393,
40394,
40395,
40396,
40397,
40398,
40399,
40400,
40401,
40402,
40403,
40404,
40405,
40406,
40407,
40408,
40409,
40410,
40411,
40412,
40413,
40414,
40415,
40416,
40417,
40418,
40419,
40420,
40421,
40422,
40423,
40424,
40425,
40426,
40427,
40428,
40429,
40430,
40431,
40432,
40433,
40434,
40435,
40436,
40437,
40438,
40439,
40440,
40441,
40442,
40443,
40444,
40445,
40446,
40447,
40448,
40449,
40450,
40451,
40452,
40453,
40454,
40455,
40456,
40457,
40458,
40459,
40460,
40461,
40462,
40463,
40464,
40465,
40466,
40467,
40468,
40469,
40470,
40471,
40472,
40473,
40474,
40475,
40476,
40477,
40478,
40479,
40480,
40481,
40482,
40483,
40484,
40485,
40486,
40487,
40488,
40489,
40490,
40491,
40492,
40493,
40494,
40495,
40496,
40497,
40498,
40499,
40500,
40501,
40502,
40503,
40504,
40505,
40506,
40507,
40508,
40509,
40510,
40511,
40512,
40513,
40514,
40515,
40516,
40517,
40518,
40519,
40520,
40521,
40522,
40523,
40524,
40525,
40526,
40527,
40528,
40529,
40530,
40531,
40532,
40533,
40534,
40535,
40536,
40537,
40538,
40539,
40540,
40541,
40542,
40543,
40544,
40545,
40546,
40547,
40548,
40549,
40550,
40551,
40552,
40553,
40554,
40555,
40556,
40557,
40558,
40559,
40560,
40561,
40562,
40563,
40564,
40565,
40566,
40567,
40568,
40569,
40570,
40571,
40572,
40573,
40574,
40575,
40576,
40577,
40578,
40579,
40580,
40581,
40582,
40583,
40584,
40585,
40586,
40587,
40588,
40589,
40590,
40591,
40592,
40593,
40594,
40595,
40596,
40597,
40598,
40599,
40600,
40601,
40602,
40603,
40604,
40605,
40606,
40607,
40608,
40609,
40610,
40611,
40612,
40613,
40614,
40615,
40616,
40617,
40618,
40619,
40620,
40621,
40622,
40623,
40624,
40625,
40626,
40627,
40628,
40629,
40630,
40631,
40632,
40633,
40634,
40635,
40636,
40637,
40638,
40639,
40640,
40641,
40642,
40643,
40644,
40645,
40646,
40647,
40648,
40649,
40650,
40651,
40652,
40653,
40654,
40655,
40656,
40657,
40658,
40659,
40660,
40661,
40662,
40663,
40664,
40665,
40666,
40667,
40668,
40669,
40670,
40671,
40672,
40673,
40674,
40675,
40676,
40677,
40678,
40679,
40680,
40681,
40682,
40683,
40684,
40685,
40686,
40687,
40688,
40689,
40690,
40691,
40692,
40693,
40694,
40695,
40696,
40697,
40698,
40699,
40700,
40701,
40702,
40703,
40704,
40705,
40706,
40707,
40708,
40709,
40710,
40711,
40712,
40713,
40714,
40715,
40716,
40717,
40718,
40719,
40720,
40721,
40722,
40723,
40724,
40725,
40726,
40727,
40728,
40729,
40730,
40731,
40732,
40733,
40734,
40735,
40736,
40737,
40738,
40739,
40740,
40741,
40742,
40743,
40744,
40745,
40746,
40747,
40748,
40749,
40750,
40751,
40752,
40753,
40754,
40755,
40756,
40757,
40758,
40759,
40760,
40761,
40762,
40763,
40764,
40765,
40766,
40767,
40768,
40769,
40770,
40771,
40772,
40773,
40774,
40775,
40776,
40777,
40778,
40779,
40780,
40781,
40782,
40783,
40784,
40785,
40786,
40787,
40788,
40789,
40790,
40791,
40792,
40793,
40794,
40795,
40796,
40797,
40798,
40799,
40800,
40801,
40802,
40803,
40804,
40805,
40806,
40807,
40808,
40809,
40810,
40811,
40812,
40813,
40814,
40815,
40816,
40817,
40818,
40819,
40820,
40821,
40822,
40823,
40824,
40825,
40826,
40827,
40828,
40829,
40830,
40831,
40832,
40833,
40834,
40835,
40836,
40837,
40838,
40839,
40840,
40841,
40842,
40843,
40844,
40845,
40846,
40847,
40848,
40849,
40850,
40851,
40852,
40853,
40854,
40855,
40856,
40857,
40858,
40859,
40860,
40861,
40862,
40863,
40864,
40865,
40866,
40867,
40868,
40869,
40870,
40871,
40872,
40873,
40874,
40875,
40876,
40877,
40878,
40879,
40880,
40881,
40882,
40883,
40884,
40885,
40886,
40887,
40888,
40889,
40890,
40891,
40892,
40893,
40894,
40895,
40896,
40897,
40898,
40899,
40900,
40901,
40902,
40903,
40904,
40905,
40906,
40907,
40908,
40909,
40910,
40911,
40912,
40913,
40914,
40915,
40916,
40917,
40918,
40919,
40920,
40921,
40922,
40923,
40924,
40925,
40926,
40927,
40928,
40929,
40930,
40931,
40932,
40933,
40934,
40935,
40936,
40937,
40938,
40939,
40940,
40941,
40942,
40943,
40944,
40945,
40946,
40947,
40948,
40949,
40950,
40951,
40952,
40953,
40954,
40955,
40956,
40957,
40958,
40959,
40960,
40961,
40962,
40963,
40964,
40965,
40966,
40967,
40968,
40969,
40970,
40971,
40972,
40973,
40974,
40975,
40976,
40977,
40978,
40979,
40980,
40981,
40982,
40983,
40984,
40985,
40986,
40987,
40988,
40989,
40990,
40991,
40992,
40993,
40994,
40995,
40996,
40997,
40998,
40999,
41000,
41001,
41002,
41003,
41004,
41005,
41006,
41007,
41008,
41009,
41010,
41011,
41012,
41013,
41014,
41015,
41016,
41017,
41018,
41019,
41020,
41021,
41022,
41023,
41024,
41025,
41026,
41027,
41028,
41029,
41030,
41031,
41032,
41033,
41034,
41035,
41036,
41037,
41038,
41039,
41040,
41041,
41042,
41043,
41044,
41045,
41046,
41047,
41048,
41049,
41050,
41051,
41052,
41053,
41054,
41055,
41056,
41057,
41058,
41059,
41060,
41061,
41062,
41063,
41064,
41065,
41066,
41067,
41068,
41069,
41070,
41071,
41072,
41073,
41074,
41075,
41076,
41077,
41078,
41079,
41080,
41081,
41082,
41083,
41084,
41085,
41086,
41087,
41088,
41089,
41090,
41091,
41092,
41093,
41094,
41095,
41096,
41097,
41098,
41099,
41100,
41101,
41102,
41103,
41104,
41105,
41106,
41107,
41108,
41109,
41110,
41111,
41112,
41113,
41114,
41115,
41116,
41117,
41118,
41119,
41120,
41121,
41122,
41123,
41124,
41125,
41126,
41127,
41128,
41129,
41130,
41131,
41132,
41133,
41134,
41135,
41136,
41137,
41138,
41139,
41140,
41141,
41142,
41143,
41144,
41145,
41146,
41147,
41148,
41149,
41150,
41151,
41152,
41153,
41154,
41155,
41156,
41157,
41158,
41159,
41160,
41161,
41162,
41163,
41164,
41165,
41166,
41167,
41168,
41169,
41170,
41171,
41172,
41173,
41174,
41175,
41176,
41177,
41178,
41179,
41180,
41181,
41182,
41183,
41184,
41185,
41186,
41187,
41188,
41189,
41190,
41191,
41192,
41193,
41194,
41195,
41196,
41197,
41198,
41199,
41200,
41201,
41202,
41203,
41204,
41205,
41206,
41207,
41208,
41209,
41210,
41211,
41212,
41213,
41214,
41215,
41216,
41217,
41218,
41219,
41220,
41221,
41222,
41223,
41224,
41225,
41226,
41227,
41228,
41229,
41230,
41231,
41232,
41233,
41234,
41235,
41236,
41237,
41238,
41239,
41240,
41241,
41242,
41243,
41244,
41245,
41246,
41247,
41248,
41249,
41250,
41251,
41252,
41253,
41254,
41255,
41256,
41257,
41258,
41259,
41260,
41261,
41262,
41263,
41264,
41265,
41266,
41267,
41268,
41269,
41270,
41271,
41272,
41273,
41274,
41275,
41276,
41277,
41278,
41279,
41280,
41281,
41282,
41283,
41284,
41285,
41286,
41287,
41288,
41289,
41290,
41291,
41292,
41293,
41294,
41295,
41296,
41297,
41298,
41299,
41300,
41301,
41302,
41303,
41304,
41305,
41306,
41307,
41308,
41309,
41310,
41311,
41312,
41313,
41314,
41315,
41316,
41317,
41318,
41319,
41320,
41321,
41322,
41323,
41324,
41325,
41326,
41327,
41328,
41329,
41330,
41331,
41332,
41333,
41334,
41335,
41336,
41337,
41338,
41339,
41340,
41341,
41342,
41343,
41344,
41345,
41346,
41347,
41348,
41349,
41350,
41351,
41352,
41353,
41354,
41355,
41356,
41357,
41358,
41359,
41360,
41361,
41362,
41363,
41364,
41365,
41366,
41367,
41368,
41369,
41370,
41371,
41372,
41373,
41374,
41375,
41376,
41377,
41378,
41379,
41380,
41381,
41382,
41383,
41384,
41385,
41386,
41387,
41388,
41389,
41390,
41391,
41392,
41393,
41394,
41395,
41396,
41397,
41398,
41399,
41400,
41401,
41402,
41403,
41404,
41405,
41406,
41407,
41408,
41409,
41410,
41411,
41412,
41413,
41414,
41415,
41416,
41417,
41418,
41419,
41420,
41421,
41422,
41423,
41424,
41425,
41426,
41427,
41428,
41429,
41430,
41431,
41432,
41433,
41434,
41435,
41436,
41437,
41438,
41439,
41440,
41441,
41442,
41443,
41444,
41445,
41446,
41447,
41448,
41449,
41450,
41451,
41452,
41453,
41454,
41455,
41456,
41457,
41458,
41459,
41460,
41461,
41462,
41463,
41464,
41465,
41466,
41467,
41468,
41469,
41470,
41471,
41472,
41473,
41474,
41475,
41476,
41477,
41478,
41479,
41480,
41481,
41482,
41483,
41484,
41485,
41486,
41487,
41488,
41489,
41490,
41491,
41492,
41493,
41494,
41495,
41496,
41497,
41498,
41499,
41500,
41501,
41502,
41503,
41504,
41505,
41506,
41507,
41508,
41509,
41510,
41511,
41512,
41513,
41514,
41515,
41516,
41517,
41518,
41519,
41520,
41521,
41522,
41523,
41524,
41525,
41526,
41527,
41528,
41529,
41530,
41531,
41532,
41533,
41534,
41535,
41536,
41537,
41538,
41539,
41540,
41541,
41542,
41543,
41544,
41545,
41546,
41547,
41548,
41549,
41550,
41551,
41552,
41553,
41554,
41555,
41556,
41557,
41558,
41559,
41560,
41561,
41562,
41563,
41564,
41565,
41566,
41567,
41568,
41569,
41570,
41571,
41572,
41573,
41574,
41575,
41576,
41577,
41578,
41579,
41580,
41581,
41582,
41583,
41584,
41585,
41586,
41587,
41588,
41589,
41590,
41591,
41592,
41593,
41594,
41595,
41596,
41597,
41598,
41599,
41600,
41601,
41602,
41603,
41604,
41605,
41606,
41607,
41608,
41609,
41610,
41611,
41612,
41613,
41614,
41615,
41616,
41617,
41618,
41619,
41620,
41621,
41622,
41623,
41624,
41625,
41626,
41627,
41628,
41629,
41630,
41631,
41632,
41633,
41634,
41635,
41636,
41637,
41638,
41639,
41640,
41641,
41642,
41643,
41644,
41645,
41646,
41647,
41648,
41649,
41650,
41651,
41652,
41653,
41654,
41655,
41656,
41657,
41658,
41659,
41660,
41661,
41662,
41663,
41664,
41665,
41666,
41667,
41668,
41669,
41670,
41671,
41672,
41673,
41674,
41675,
41676,
41677,
41678,
41679,
41680,
41681,
41682,
41683,
41684,
41685,
41686,
41687,
41688,
41689,
41690,
41691,
41692,
41693,
41694,
41695,
41696,
41697,
41698,
41699,
41700,
41701,
41702,
41703,
41704,
41705,
41706,
41707,
41708,
41709,
41710,
41711,
41712,
41713,
41714,
41715,
41716,
41717,
41718,
41719,
41720,
41721,
41722,
41723,
41724,
41725,
41726,
41727,
41728,
41729,
41730,
41731,
41732,
41733,
41734,
41735,
41736,
41737,
41738,
41739,
41740,
41741,
41742,
41743,
41744,
41745,
41746,
41747,
41748,
41749,
41750,
41751,
41752,
41753,
41754,
41755,
41756,
41757,
41758,
41759,
41760,
41761,
41762,
41763,
41764,
41765,
41766,
41767,
41768,
41769,
41770,
41771,
41772,
41773,
41774,
41775,
41776,
41777,
41778,
41779,
41780,
41781,
41782,
41783,
41784,
41785,
41786,
41787,
41788,
41789,
41790,
41791,
41792,
41793,
41794,
41795,
41796,
41797,
41798,
41799,
41800,
41801,
41802,
41803,
41804,
41805,
41806,
41807,
41808,
41809,
41810,
41811,
41812,
41813,
41814,
41815,
41816,
41817,
41818,
41819,
41820,
41821,
41822,
41823,
41824,
41825,
41826,
41827,
41828,
41829,
41830,
41831,
41832,
41833,
41834,
41835,
41836,
41837,
41838,
41839,
41840,
41841,
41842,
41843,
41844,
41845,
41846,
41847,
41848,
41849,
41850,
41851,
41852,
41853,
41854,
41855,
41856,
41857,
41858,
41859,
41860,
41861,
41862,
41863,
41864,
41865,
41866,
41867,
41868,
41869,
41870,
41871,
41872,
41873,
41874,
41875,
41876,
41877,
41878,
41879,
41880,
41881,
41882,
41883,
41884,
41885,
41886,
41887,
41888,
41889,
41890,
41891,
41892,
41893,
41894,
41895,
41896,
41897,
41898,
41899,
41900,
41901,
41902,
41903,
41904,
41905,
41906,
41907,
41908,
41909,
41910,
41911,
41912,
41913,
41914,
41915,
41916,
41917,
41918,
41919,
41920,
41921,
41922,
41923,
41924,
41925,
41926,
41927,
41928,
41929,
41930,
41931,
41932,
41933,
41934,
41935,
41936,
41937,
41938,
41939,
41940,
41941,
41942,
41943,
41944,
41945,
41946,
41947,
41948,
41949,
41950,
41951,
41952,
41953,
41954,
41955,
41956,
41957,
41958,
41959,
41960,
41961,
41962,
41963,
41964,
41965,
41966,
41967,
41968,
41969,
41970,
41971,
41972,
41973,
41974,
41975,
41976,
41977,
41978,
41979,
41980,
41981,
41982,
41983,
41984,
41985,
41986,
41987,
41988,
41989,
41990,
41991,
41992,
41993,
41994,
41995,
41996,
41997,
41998,
41999,
42000,
42001,
42002,
42003,
42004,
42005,
42006,
42007,
42008,
42009,
42010,
42011,
42012,
42013,
42014,
42015,
42016,
42017,
42018,
42019,
42020,
42021,
42022,
42023,
42024,
42025,
42026,
42027,
42028,
42029,
42030,
42031,
42032,
42033,
42034,
42035,
42036,
42037,
42038,
42039,
42040,
42041,
42042,
42043,
42044,
42045,
42046,
42047,
42048,
42049,
42050,
42051,
42052,
42053,
42054,
42055,
42056,
42057,
42058,
42059,
42060,
42061,
42062,
42063,
42064,
42065,
42066,
42067,
42068,
42069,
42070,
42071,
42072,
42073,
42074,
42075,
42076,
42077,
42078,
42079,
42080,
42081,
42082,
42083,
42084,
42085,
42086,
42087,
42088,
42089,
42090,
42091,
42092,
42093,
42094,
42095,
42096,
42097,
42098,
42099,
42100,
42101,
42102,
42103,
42104,
42105,
42106,
42107,
42108,
42109,
42110,
42111,
42112,
42113,
42114,
42115,
42116,
42117,
42118,
42119,
42120,
42121,
42122,
42123,
42124,
42125,
42126,
42127,
42128,
42129,
42130,
42131,
42132,
42133,
42134,
42135,
42136,
42137,
42138,
42139,
42140,
42141,
42142,
42143,
42144,
42145,
42146,
42147,
42148,
42149,
42150,
42151,
42152,
42153,
42154,
42155,
42156,
42157,
42158,
42159,
42160,
42161,
42162,
42163,
42164,
42165,
42166,
42167,
42168,
42169,
42170,
42171,
42172,
42173,
42174,
42175,
42176,
42177,
42178,
42179,
42180,
42181,
42182,
42183,
42184,
42185,
42186,
42187,
42188,
42189,
42190,
42191,
42192,
42193,
42194,
42195,
42196,
42197,
42198,
42199,
42200,
42201,
42202,
42203,
42204,
42205,
42206,
42207,
42208,
42209,
42210,
42211,
42212,
42213,
42214,
42215,
42216,
42217,
42218,
42219,
42220,
42221,
42222,
42223,
42224,
42225,
42226,
42227,
42228,
42229,
42230,
42231,
42232,
42233,
42234,
42235,
42236,
42237,
42238,
42239,
42240,
42241,
42242,
42243,
42244,
42245,
42246,
42247,
42248,
42249,
42250,
42251,
42252,
42253,
42254,
42255,
42256,
42257,
42258,
42259,
42260,
42261,
42262,
42263,
42264,
42265,
42266,
42267,
42268,
42269,
42270,
42271,
42272,
42273,
42274,
42275,
42276,
42277,
42278,
42279,
42280,
42281,
42282,
42283,
42284,
42285,
42286,
42287,
42288,
42289,
42290,
42291,
42292,
42293,
42294,
42295,
42296,
42297,
42298,
42299,
42300,
42301,
42302,
42303,
42304,
42305,
42306,
42307,
42308,
42309,
42310,
42311,
42312,
42313,
42314,
42315,
42316,
42317,
42318,
42319,
42320,
42321,
42322,
42323,
42324,
42325,
42326,
42327,
42328,
42329,
42330,
42331,
42332,
42333,
42334,
42335,
42336,
42337,
42338,
42339,
42340,
42341,
42342,
42343,
42344,
42345,
42346,
42347,
42348,
42349,
42350,
42351,
42352,
42353,
42354,
42355,
42356,
42357,
42358,
42359,
42360,
42361,
42362,
42363,
42364,
42365,
42366,
42367,
42368,
42369,
42370,
42371,
42372,
42373,
42374,
42375,
42376,
42377,
42378,
42379,
42380,
42381,
42382,
42383,
42384,
42385,
42386,
42387,
42388,
42389,
42390,
42391,
42392,
42393,
42394,
42395,
42396,
42397,
42398,
42399,
42400,
42401,
42402,
42403,
42404,
42405,
42406,
42407,
42408,
42409,
42410,
42411,
42412,
42413,
42414,
42415,
42416,
42417,
42418,
42419,
42420,
42421,
42422,
42423,
42424,
42425,
42426,
42427,
42428,
42429,
42430,
42431,
42432,
42433,
42434,
42435,
42436,
42437,
42438,
42439,
42440,
42441,
42442,
42443,
42444,
42445,
42446,
42447,
42448,
42449,
42450,
42451,
42452,
42453,
42454,
42455,
42456,
42457,
42458,
42459,
42460,
42461,
42462,
42463,
42464,
42465,
42466,
42467,
42468,
42469,
42470,
42471,
42472,
42473,
42474,
42475,
42476,
42477,
42478,
42479,
42480,
42481,
42482,
42483,
42484,
42485,
42486,
42487,
42488,
42489,
42490,
42491,
42492,
42493,
42494,
42495,
42496,
42497,
42498,
42499,
42500,
42501,
42502,
42503,
42504,
42505,
42506,
42507,
42508,
42509,
42510,
42511,
42512,
42513,
42514,
42515,
42516,
42517,
42518,
42519,
42520,
42521,
42522,
42523,
42524,
42525,
42526,
42527,
42528,
42529,
42530,
42531,
42532,
42533,
42534,
42535,
42536,
42537,
42538,
42539,
42540,
42541,
42542,
42543,
42544,
42545,
42546,
42547,
42548,
42549,
42550,
42551,
42552,
42553,
42554,
42555,
42556,
42557,
42558,
42559,
42560,
42561,
42562,
42563,
42564,
42565,
42566,
42567,
42568,
42569,
42570,
42571,
42572,
42573,
42574,
42575,
42576,
42577,
42578,
42579,
42580,
42581,
42582,
42583,
42584,
42585,
42586,
42587,
42588,
42589,
42590,
42591,
42592,
42593,
42594,
42595,
42596,
42597,
42598,
42599,
42600,
42601,
42602,
42603,
42604,
42605,
42606,
42607,
42608,
42609,
42610,
42611,
42612,
42613,
42614,
42615,
42616,
42617,
42618,
42619,
42620,
42621,
42622,
42623,
42624,
42625,
42626,
42627,
42628,
42629,
42630,
42631,
42632,
42633,
42634,
42635,
42636,
42637,
42638,
42639,
42640,
42641,
42642,
42643,
42644,
42645,
42646,
42647,
42648,
42649,
42650,
42651,
42652,
42653,
42654,
42655,
42656,
42657,
42658,
42659,
42660,
42661,
42662,
42663,
42664,
42665,
42666,
42667,
42668,
42669,
42670,
42671,
42672,
42673,
42674,
42675,
42676,
42677,
42678,
42679,
42680,
42681,
42682,
42683,
42684,
42685,
42686,
42687,
42688,
42689,
42690,
42691,
42692,
42693,
42694,
42695,
42696,
42697,
42698,
42699,
42700,
42701,
42702,
42703,
42704,
42705,
42706,
42707,
42708,
42709,
42710,
42711,
42712,
42713,
42714,
42715,
42716,
42717,
42718,
42719,
42720,
42721,
42722,
42723,
42724,
42725,
42726,
42727,
42728,
42729,
42730,
42731,
42732,
42733,
42734,
42735,
42736,
42737,
42738,
42739,
42740,
42741,
42742,
42743,
42744,
42745,
42746,
42747,
42748,
42749,
42750,
42751,
42752,
42753,
42754,
42755,
42756,
42757,
42758,
42759,
42760,
42761,
42762,
42763,
42764,
42765,
42766,
42767,
42768,
42769,
42770,
42771,
42772,
42773,
42774,
42775,
42776,
42777,
42778,
42779,
42780,
42781,
42782,
42783,
42784,
42785,
42786,
42787,
42788,
42789,
42790,
42791,
42792,
42793,
42794,
42795,
42796,
42797,
42798,
42799,
42800,
42801,
42802,
42803,
42804,
42805,
42806,
42807,
42808,
42809,
42810,
42811,
42812,
42813,
42814,
42815,
42816,
42817,
42818,
42819,
42820,
42821,
42822,
42823,
42824,
42825,
42826,
42827,
42828,
42829,
42830,
42831,
42832,
42833,
42834,
42835,
42836,
42837,
42838,
42839,
42840,
42841,
42842,
42843,
42844,
42845,
42846,
42847,
42848,
42849,
42850,
42851,
42852,
42853,
42854,
42855,
42856,
42857,
42858,
42859,
42860,
42861,
42862,
42863,
42864,
42865,
42866,
42867,
42868,
42869,
42870,
42871,
42872,
42873,
42874,
42875,
42876,
42877,
42878,
42879,
42880,
42881,
42882,
42883,
42884,
42885,
42886,
42887,
42888,
42889,
42890,
42891,
42892,
42893,
42894,
42895,
42896,
42897,
42898,
42899,
42900,
42901,
42902,
42903,
42904,
42905,
42906,
42907,
42908,
42909,
42910,
42911,
42912,
42913,
42914,
42915,
42916,
42917,
42918,
42919,
42920,
42921,
42922,
42923,
42924,
42925,
42926,
42927,
42928,
42929,
42930,
42931,
42932,
42933,
42934,
42935,
42936,
42937,
42938,
42939,
42940,
42941,
42942,
42943,
42944,
42945,
42946,
42947,
42948,
42949,
42950,
42951,
42952,
42953,
42954,
42955,
42956,
42957,
42958,
42959,
42960,
42961,
42962,
42963,
42964,
42965,
42966,
42967,
42968,
42969,
42970,
42971,
42972,
42973,
42974,
42975,
42976,
42977,
42978,
42979,
42980,
42981,
42982,
42983,
42984,
42985,
42986,
42987,
42988,
42989,
42990,
42991,
42992,
42993,
42994,
42995,
42996,
42997,
42998,
42999,
43000,
43001,
43002,
43003,
43004,
43005,
43006,
43007,
43008,
43009,
43010,
43011,
43012,
43013,
43014,
43015,
43016,
43017,
43018,
43019,
43020,
43021,
43022,
43023,
43024,
43025,
43026,
43027,
43028,
43029,
43030,
43031,
43032,
43033,
43034,
43035,
43036,
43037,
43038,
43039,
43040,
43041,
43042,
43043,
43044,
43045,
43046,
43047,
43048,
43049,
43050,
43051,
43052,
43053,
43054,
43055,
43056,
43057,
43058,
43059,
43060,
43061,
43062,
43063,
43064,
43065,
43066,
43067,
43068,
43069,
43070,
43071,
43072,
43073,
43074,
43075,
43076,
43077,
43078,
43079,
43080,
43081,
43082,
43083,
43084,
43085,
43086,
43087,
43088,
43089,
43090,
43091,
43092,
43093,
43094,
43095,
43096,
43097,
43098,
43099,
43100,
43101,
43102,
43103,
43104,
43105,
43106,
43107,
43108,
43109,
43110,
43111,
43112,
43113,
43114,
43115,
43116,
43117,
43118,
43119,
43120,
43121,
43122,
43123,
43124,
43125,
43126,
43127,
43128,
43129,
43130,
43131,
43132,
43133,
43134,
43135,
43136,
43137,
43138,
43139,
43140,
43141,
43142,
43143,
43144,
43145,
43146,
43147,
43148,
43149,
43150,
43151,
43152,
43153,
43154,
43155,
43156,
43157,
43158,
43159,
43160,
43161,
43162,
43163,
43164,
43165,
43166,
43167,
43168,
43169,
43170,
43171,
43172,
43173,
43174,
43175,
43176,
43177,
43178,
43179,
43180,
43181,
43182,
43183,
43184,
43185,
43186,
43187,
43188,
43189,
43190,
43191,
43192,
43193,
43194,
43195,
43196,
43197,
43198,
43199,
43200,
43201,
43202,
43203,
43204,
43205,
43206,
43207,
43208,
43209,
43210,
43211,
43212,
43213,
43214,
43215,
43216,
43217,
43218,
43219,
43220,
43221,
43222,
43223,
43224,
43225,
43226,
43227,
43228,
43229,
43230,
43231,
43232,
43233,
43234,
43235,
43236,
43237,
43238,
43239,
43240,
43241,
43242,
43243,
43244,
43245,
43246,
43247,
43248,
43249,
43250,
43251,
43252,
43253,
43254,
43255,
43256,
43257,
43258,
43259,
43260,
43261,
43262,
43263,
43264,
43265,
43266,
43267,
43268,
43269,
43270,
43271,
43272,
43273,
43274,
43275,
43276,
43277,
43278,
43279,
43280,
43281,
43282,
43283,
43284,
43285,
43286,
43287,
43288,
43289,
43290,
43291,
43292,
43293,
43294,
43295,
43296,
43297,
43298,
43299,
43300,
43301,
43302,
43303,
43304,
43305,
43306,
43307,
43308,
43309,
43310,
43311,
43312,
43313,
43314,
43315,
43316,
43317,
43318,
43319,
43320,
43321,
43322,
43323,
43324,
43325,
43326,
43327,
43328,
43329,
43330,
43331,
43332,
43333,
43334,
43335,
43336,
43337,
43338,
43339,
43340,
43341,
43342,
43343,
43344,
43345,
43346,
43347,
43348,
43349,
43350,
43351,
43352,
43353,
43354,
43355,
43356,
43357,
43358,
43359,
43360,
43361,
43362,
43363,
43364,
43365,
43366,
43367,
43368,
43369,
43370,
43371,
43372,
43373,
43374,
43375,
43376,
43377,
43378,
43379,
43380,
43381,
43382,
43383,
43384,
43385,
43386,
43387,
43388,
43389,
43390,
43391,
43392,
43393,
43394,
43395,
43396,
43397,
43398,
43399,
43400,
43401,
43402,
43403,
43404,
43405,
43406,
43407,
43408,
43409,
43410,
43411,
43412,
43413,
43414,
43415,
43416,
43417,
43418,
43419,
43420,
43421,
43422,
43423,
43424,
43425,
43426,
43427,
43428,
43429,
43430,
43431,
43432,
43433,
43434,
43435,
43436,
43437,
43438,
43439,
43440,
43441,
43442,
43443,
43444,
43445,
43446,
43447,
43448,
43449,
43450,
43451,
43452,
43453,
43454,
43455,
43456,
43457,
43458,
43459,
43460,
43461,
43462,
43463,
43464,
43465,
43466,
43467,
43468,
43469,
43470,
43471,
43472,
43473,
43474,
43475,
43476,
43477,
43478,
43479,
43480,
43481,
43482,
43483,
43484,
43485,
43486,
43487,
43488,
43489,
43490,
43491,
43492,
43493,
43494,
43495,
43496,
43497,
43498,
43499,
43500,
43501,
43502,
43503,
43504,
43505,
43506,
43507,
43508,
43509,
43510,
43511,
43512,
43513,
43514,
43515,
43516,
43517,
43518,
43519,
43520,
43521,
43522,
43523,
43524,
43525,
43526,
43527,
43528,
43529,
43530,
43531,
43532,
43533,
43534,
43535,
43536,
43537,
43538,
43539,
43540,
43541,
43542,
43543,
43544,
43545,
43546,
43547,
43548,
43549,
43550,
43551,
43552,
43553,
43554,
43555,
43556,
43557,
43558,
43559,
43560,
43561,
43562,
43563,
43564,
43565,
43566,
43567,
43568,
43569,
43570,
43571,
43572,
43573,
43574,
43575,
43576,
43577,
43578,
43579,
43580,
43581,
43582,
43583,
43584,
43585,
43586,
43587,
43588,
43589,
43590,
43591,
43592,
43593,
43594,
43595,
43596,
43597,
43598,
43599,
43600,
43601,
43602,
43603,
43604,
43605,
43606,
43607,
43608,
43609,
43610,
43611,
43612,
43613,
43614,
43615,
43616,
43617,
43618,
43619,
43620,
43621,
43622,
43623,
43624,
43625,
43626,
43627,
43628,
43629,
43630,
43631,
43632,
43633,
43634,
43635,
43636,
43637,
43638,
43639,
43640,
43641,
43642,
43643,
43644,
43645,
43646,
43647,
43648,
43649,
43650,
43651,
43652,
43653,
43654,
43655,
43656,
43657,
43658,
43659,
43660,
43661,
43662,
43663,
43664,
43665,
43666,
43667,
43668,
43669,
43670,
43671,
43672,
43673,
43674,
43675,
43676,
43677,
43678,
43679,
43680,
43681,
43682,
43683,
43684,
43685,
43686,
43687,
43688,
43689,
43690,
43691,
43692,
43693,
43694,
43695,
43696,
43697,
43698,
43699,
43700,
43701,
43702,
43703,
43704,
43705,
43706,
43707,
43708,
43709,
43710,
43711,
43712,
43713,
43714,
43715,
43716,
43717,
43718,
43719,
43720,
43721,
43722,
43723,
43724,
43725,
43726,
43727,
43728,
43729,
43730,
43731,
43732,
43733,
43734,
43735,
43736,
43737,
43738,
43739,
43740,
43741,
43742,
43743,
43744,
43745,
43746,
43747,
43748,
43749,
43750,
43751,
43752,
43753,
43754,
43755,
43756,
43757,
43758,
43759,
43760,
43761,
43762,
43763,
43764,
43765,
43766,
43767,
43768,
43769,
43770,
43771,
43772,
43773,
43774,
43775,
43776,
43777,
43778,
43779,
43780,
43781,
43782,
43783,
43784,
43785,
43786,
43787,
43788,
43789,
43790,
43791,
43792,
43793,
43794,
43795,
43796,
43797,
43798,
43799,
43800,
43801,
43802,
43803,
43804,
43805,
43806,
43807,
43808,
43809,
43810,
43811,
43812,
43813,
43814,
43815,
43816,
43817,
43818,
43819,
43820,
43821,
43822,
43823,
43824,
43825,
43826,
43827,
43828,
43829,
43830,
43831,
43832,
43833,
43834,
43835,
43836,
43837,
43838,
43839,
43840,
43841,
43842,
43843,
43844,
43845,
43846,
43847,
43848,
43849,
43850,
43851,
43852,
43853,
43854,
43855,
43856,
43857,
43858,
43859,
43860,
43861,
43862,
43863,
43864,
43865,
43866,
43867,
43868,
43869,
43870,
43871,
43872,
43873,
43874,
43875,
43876,
43877,
43878,
43879,
43880,
43881,
43882,
43883,
43884,
43885,
43886,
43887,
43888,
43889,
43890,
43891,
43892,
43893,
43894,
43895,
43896,
43897,
43898,
43899,
43900,
43901,
43902,
43903,
43904,
43905,
43906,
43907,
43908,
43909,
43910,
43911,
43912,
43913,
43914,
43915,
43916,
43917,
43918,
43919,
43920,
43921,
43922,
43923,
43924,
43925,
43926,
43927,
43928,
43929,
43930,
43931,
43932,
43933,
43934,
43935,
43936,
43937,
43938,
43939,
43940,
43941,
43942,
43943,
43944,
43945,
43946,
43947,
43948,
43949,
43950,
43951,
43952,
43953,
43954,
43955,
43956,
43957,
43958,
43959,
43960,
43961,
43962,
43963,
43964,
43965,
43966,
43967,
43968,
43969,
43970,
43971,
43972,
43973,
43974,
43975,
43976,
43977,
43978,
43979,
43980,
43981,
43982,
43983,
43984,
43985,
43986,
43987,
43988,
43989,
43990,
43991,
43992,
43993,
43994,
43995,
43996,
43997,
43998,
43999,
44000,
44001,
44002,
44003,
44004,
44005,
44006,
44007,
44008,
44009,
44010,
44011,
44012,
44013,
44014,
44015,
44016,
44017,
44018,
44019,
44020,
44021,
44022,
44023,
44024,
44025,
44026,
44027,
44028,
44029,
44030,
44031,
44032,
44033,
44034,
44035,
44036,
44037,
44038,
44039,
44040,
44041,
44042,
44043,
44044,
44045,
44046,
44047,
44048,
44049,
44050,
44051,
44052,
44053,
44054,
44055,
44056,
44057,
44058,
44059,
44060,
44061,
44062,
44063,
44064,
44065,
44066,
44067,
44068,
44069,
44070,
44071,
44072,
44073,
44074,
44075,
44076,
44077,
44078,
44079,
44080,
44081,
44082,
44083,
44084,
44085,
44086,
44087,
44088,
44089,
44090,
44091,
44092,
44093,
44094,
44095,
44096,
44097,
44098,
44099,
44100,
44101,
44102,
44103,
44104,
44105,
44106,
44107,
44108,
44109,
44110,
44111,
44112,
44113,
44114,
44115,
44116,
44117,
44118,
44119,
44120,
44121,
44122,
44123,
44124,
44125,
44126,
44127,
44128,
44129,
44130,
44131,
44132,
44133,
44134,
44135,
44136,
44137,
44138,
44139,
44140,
44141,
44142,
44143,
44144,
44145,
44146,
44147,
44148,
44149,
44150,
44151,
44152,
44153,
44154,
44155,
44156,
44157,
44158,
44159,
44160,
44161,
44162,
44163,
44164,
44165,
44166,
44167,
44168,
44169,
44170,
44171,
44172,
44173,
44174,
44175,
44176,
44177,
44178,
44179,
44180,
44181,
44182,
44183,
44184,
44185,
44186,
44187,
44188,
44189,
44190,
44191,
44192,
44193,
44194,
44195,
44196,
44197,
44198,
44199,
44200,
44201,
44202,
44203,
44204,
44205,
44206,
44207,
44208,
44209,
44210,
44211,
44212,
44213,
44214,
44215,
44216,
44217,
44218,
44219,
44220,
44221,
44222,
44223,
44224,
44225,
44226,
44227,
44228,
44229,
44230,
44231,
44232,
44233,
44234,
44235,
44236,
44237,
44238,
44239,
44240,
44241,
44242,
44243,
44244,
44245,
44246,
44247,
44248,
44249,
44250,
44251,
44252,
44253,
44254,
44255,
44256,
44257,
44258,
44259,
44260,
44261,
44262,
44263,
44264,
44265,
44266,
44267,
44268,
44269,
44270,
44271,
44272,
44273,
44274,
44275,
44276,
44277,
44278,
44279,
44280,
44281,
44282,
44283,
44284,
44285,
44286,
44287,
44288,
44289,
44290,
44291,
44292,
44293,
44294,
44295,
44296,
44297,
44298,
44299,
44300,
44301,
44302,
44303,
44304,
44305,
44306,
44307,
44308,
44309,
44310,
44311,
44312,
44313,
44314,
44315,
44316,
44317,
44318,
44319,
44320,
44321,
44322,
44323,
44324,
44325,
44326,
44327,
44328,
44329,
44330,
44331,
44332,
44333,
44334,
44335,
44336,
44337,
44338,
44339,
44340,
44341,
44342,
44343,
44344,
44345,
44346,
44347,
44348,
44349,
44350,
44351,
44352,
44353,
44354,
44355,
44356,
44357,
44358,
44359,
44360,
44361,
44362,
44363,
44364,
44365,
44366,
44367,
44368,
44369,
44370,
44371,
44372,
44373,
44374,
44375,
44376,
44377,
44378,
44379,
44380,
44381,
44382,
44383,
44384,
44385,
44386,
44387,
44388,
44389,
44390,
44391,
44392,
44393,
44394,
44395,
44396,
44397,
44398,
44399,
44400,
44401,
44402,
44403,
44404,
44405,
44406,
44407,
44408,
44409,
44410,
44411,
44412,
44413,
44414,
44415,
44416,
44417,
44418,
44419,
44420,
44421,
44422,
44423,
44424,
44425,
44426,
44427,
44428,
44429,
44430,
44431,
44432,
44433,
44434,
44435,
44436,
44437,
44438,
44439,
44440,
44441,
44442,
44443,
44444,
44445,
44446,
44447,
44448,
44449,
44450,
44451,
44452,
44453,
44454,
44455,
44456,
44457,
44458,
44459,
44460,
44461,
44462,
44463,
44464,
44465,
44466,
44467,
44468,
44469,
44470,
44471,
44472,
44473,
44474,
44475,
44476,
44477,
44478,
44479,
44480,
44481,
44482,
44483,
44484,
44485,
44486,
44487,
44488,
44489,
44490,
44491,
44492,
44493,
44494,
44495,
44496,
44497,
44498,
44499,
44500,
44501,
44502,
44503,
44504,
44505,
44506,
44507,
44508,
44509,
44510,
44511,
44512,
44513,
44514,
44515,
44516,
44517,
44518,
44519,
44520,
44521,
44522,
44523,
44524,
44525,
44526,
44527,
44528,
44529,
44530,
44531,
44532,
44533,
44534,
44535,
44536,
44537,
44538,
44539,
44540,
44541,
44542,
44543,
44544,
44545,
44546,
44547,
44548,
44549,
44550,
44551,
44552,
44553,
44554,
44555,
44556,
44557,
44558,
44559,
44560,
44561,
44562,
44563,
44564,
44565,
44566,
44567,
44568,
44569,
44570,
44571,
44572,
44573,
44574,
44575,
44576,
44577,
44578,
44579,
44580,
44581,
44582,
44583,
44584,
44585,
44586,
44587,
44588,
44589,
44590,
44591,
44592,
44593,
44594,
44595,
44596,
44597,
44598,
44599,
44600,
44601,
44602,
44603,
44604,
44605,
44606,
44607,
44608,
44609,
44610,
44611,
44612,
44613,
44614,
44615,
44616,
44617,
44618,
44619,
44620,
44621,
44622,
44623,
44624,
44625,
44626,
44627,
44628,
44629,
44630,
44631,
44632,
44633,
44634,
44635,
44636,
44637,
44638,
44639,
44640,
44641,
44642,
44643,
44644,
44645,
44646,
44647,
44648,
44649,
44650,
44651,
44652,
44653,
44654,
44655,
44656,
44657,
44658,
44659,
44660,
44661,
44662,
44663,
44664,
44665,
44666,
44667,
44668,
44669,
44670,
44671,
44672,
44673,
44674,
44675,
44676,
44677,
44678,
44679,
44680,
44681,
44682,
44683,
44684,
44685,
44686,
44687,
44688,
44689,
44690,
44691,
44692,
44693,
44694,
44695,
44696,
44697,
44698,
44699,
44700,
44701,
44702,
44703,
44704,
44705,
44706,
44707,
44708,
44709,
44710,
44711,
44712,
44713,
44714,
44715,
44716,
44717,
44718,
44719,
44720,
44721,
44722,
44723,
44724,
44725,
44726,
44727,
44728,
44729,
44730,
44731,
44732,
44733,
44734,
44735,
44736,
44737,
44738,
44739,
44740,
44741,
44742,
44743,
44744,
44745,
44746,
44747,
44748,
44749,
44750,
44751,
44752,
44753,
44754,
44755,
44756,
44757,
44758,
44759,
44760,
44761,
44762,
44763,
44764,
44765,
44766,
44767,
44768,
44769,
44770,
44771,
44772,
44773,
44774,
44775,
44776,
44777,
44778,
44779,
44780,
44781,
44782,
44783,
44784,
44785,
44786,
44787,
44788,
44789,
44790,
44791,
44792,
44793,
44794,
44795,
44796,
44797,
44798,
44799,
44800,
44801,
44802,
44803,
44804,
44805,
44806,
44807,
44808,
44809,
44810,
44811,
44812,
44813,
44814,
44815,
44816,
44817,
44818,
44819,
44820,
44821,
44822,
44823,
44824,
44825,
44826,
44827,
44828,
44829,
44830,
44831,
44832,
44833,
44834,
44835,
44836,
44837,
44838,
44839,
44840,
44841,
44842,
44843,
44844,
44845,
44846,
44847,
44848,
44849,
44850,
44851,
44852,
44853,
44854,
44855,
44856,
44857,
44858,
44859,
44860,
44861,
44862,
44863,
44864,
44865,
44866,
44867,
44868,
44869,
44870,
44871,
44872,
44873,
44874,
44875,
44876,
44877,
44878,
44879,
44880,
44881,
44882,
44883,
44884,
44885,
44886,
44887,
44888,
44889,
44890,
44891,
44892,
44893,
44894,
44895,
44896,
44897,
44898,
44899,
44900,
44901,
44902,
44903,
44904,
44905,
44906,
44907,
44908,
44909,
44910,
44911,
44912,
44913,
44914,
44915,
44916,
44917,
44918,
44919,
44920,
44921,
44922,
44923,
44924,
44925,
44926,
44927,
44928,
44929,
44930,
44931,
44932,
44933,
44934,
44935,
44936,
44937,
44938,
44939,
44940,
44941,
44942,
44943,
44944,
44945,
44946,
44947,
44948,
44949,
44950,
44951,
44952,
44953,
44954,
44955,
44956,
44957,
44958,
44959,
44960,
44961,
44962,
44963,
44964,
44965,
44966,
44967,
44968,
44969,
44970,
44971,
44972,
44973,
44974,
44975,
44976,
44977,
44978,
44979,
44980,
44981,
44982,
44983,
44984,
44985,
